DIGIT_CLASS,PIXEL_SUM,THICKNESS,IMAGE_LIGHTNESS,SCORE,NORMALIZED_SCORE
5.0,48918.984375,743.918918918919,0.0,-1.4674358367919922,0.7634903446275828
2.0,65080.55078125,759.0,0.0,-2.4027223587036133,0.7048484051220263
4.0,58765.7109375,608.4444444444445,0.0,-1.6680514812469482,0.7509118564206209
7.0,48136.796875,843.2,0.0,-2.6387133598327637,0.6900519019244971
5.0,38774.98046875,494.72727272727275,0.0,0.4033171832561493,0.8807855080468912
9.0,44264.046875,674.0,0.0,-0.6490510702133179,0.8148026097459616
6.0,38084.59375,691.7692307692307,0.0,-2.0187783241271973,0.728921480400745
0.0,51417.1484375,972.4285714285714,0.0,-3.2306370735168457,0.6529386176030041
6.0,48862.43359375,608.9090909090909,0.0,-1.4894120693206787,0.7621124471936785
9.0,62652.8203125,775.6666666666666,0.0,-2.3386874198913574,0.7088633598124834
7.0,26834.619140625,698.1923076923077,0.0,-0.3616877496242523,0.8328201285140683
3.0,48171.74609375,809.829268292683,0.0,-3.06827974319458,0.6631183310063173
7.0,39273.109375,547.4,0.0,0.8315016031265259,0.9076324306305067
9.0,41155.65234375,601.75,0.0,-0.4426130950450897,0.8277461548178201
2.0,54861.83203125,925.5,0.0,-4.055649280548096,0.6012108156913629
3.0,43372.5703125,881.1842105263158,0.0,-3.3493547439575195,0.6454950863587033
7.0,47927.0703125,934.5,0.0,-1.9276468753814697,0.7346353710419551
7.0,39802.96484375,593.5,0.0,0.3020564317703247,0.8744365158142413
5.0,45323.5625,680.0,0.0,-1.21011483669281,0.779624226777925
1.0,42575.28515625,802.3684210526316,0.0,-1.0002548694610596,0.792782328829785
9.0,55197.1640625,513.1714285714286,0.0,0.4054465591907501,0.8809190187217656
4.0,46538.73046875,518.6944444444445,0.0,0.1336374431848526,0.8638767398430983
7.0,60793.0,728.9705882352941,0.0,-2.704637050628662,0.6859185235457147
9.0,49624.01953125,683.15625,0.0,-0.7676368951797485,0.8073673451388287
7.0,40271.3671875,487.8809523809524,0.0,-0.2556036710739136,0.8394715406440503
8.0,48659.21484375,691.1395348837209,0.0,-2.0287528038024902,0.7282960861284932
2.0,69243.9921875,707.7073170731708,0.0,-1.7001270055770874,0.7489007390642705
4.0,49620.078125,780.6764705882352,0.0,-1.9292417764663696,0.7345353716399035
0.0,49558.1328125,735.6744186046511,0.0,-3.5765297412872314,0.6312513416468098
2.0,27914.109375,510.6666666666667,0.0,0.7421020269393921,0.902027127425802
9.0,39737.62109375,610.3333333333334,0.0,-0.3038652241230011,0.8364455683798886
9.0,43329.625,620.0588235294117,0.0,-1.2688230276107788,0.775943256188019
5.0,31185.94140625,485.0,0.0,1.000076413154602,0.9182019765185648
8.0,52754.64453125,585.8157894736842,0.0,-0.07563291490077972,0.8507556059534737
0.0,56675.2421875,822.7560975609756,0.0,-4.2362446784973145,0.5898875856934856
6.0,53074.921875,592.5,0.0,-1.4036997556686401,0.7674865611088356
2.0,38431.3828125,620.6,0.0,-0.08594213426113129,0.8501092236910162
6.0,53023.765625,449.5,0.0,0.7520757913589478,0.9026524768519211
1.0,46993.59375,764.7777777777778,0.0,0.06389163434505463,0.8595037168101245
4.0,42863.78125,562.0277777777778,0.0,-0.3711083233356476,0.8322294638345835
4.0,49438.21875,583.7,0.0,-0.39862972497940063,0.8305038874122884
3.0,42222.09375,706.0,0.0,-2.5960679054260254,0.6927257479587535
5.0,43392.6640625,498.5,0.0,0.7492290735244751,0.9024739892429076
9.0,40454.3671875,584.0,0.0,0.19058242440223694,0.8674471581753005
4.0,60985.74609375,828.4166666666666,0.0,-4.181629180908203,0.5933119467108351
3.0,56872.8984375,561.25,0.0,-0.9930814504623413,0.7932320981711747
0.0,37880.8359375,561.8604651162791,0.0,-1.0936284065246582,0.7869278605105882
0.0,39440.55078125,965.9024390243902,0.0,-5.32319974899292,0.521736113394942
7.0,42252.73828125,634.0,0.0,-0.786375880241394,0.8061924213025111
2.0,57783.1328125,925.8888888888889,0.0,-4.472518444061279,0.5750733533247429
7.0,62894.8203125,913.7857142857143,0.0,-3.8429126739501953,0.6145492814154635
2.0,40786.53515625,626.6122448979592,0.0,-2.3343489170074463,0.7091353815060527
2.0,47530.328125,612.1428571428571,0.0,0.2309955358505249,0.8699810375601312
8.0,51620.5859375,618.1627906976744,0.0,-1.1227445602416992,0.7851022940291859
7.0,50546.97265625,1051.5,0.0,-4.93813943862915,0.5458791785384346
7.0,37397.5859375,777.0294117647059,0.0,-2.7473464012145996,0.6832406712569176
1.0,33094.25,571.8888888888889,0.0,0.9974572658538818,0.9180377574541747
3.0,43980.66015625,505.0,0.0,-0.3016895353794098,0.8365819828418696
8.0,48804.4765625,615.7777777777778,0.0,-0.6484032869338989,0.8148432253936743
7.0,48577.0078125,623.9268292682926,0.0,-2.1103477478027344,0.7231801289774783
7.0,42823.953125,551.9166666666666,0.0,-0.7079260349273682,0.8111111825327302
1.0,34692.234375,653.5263157894736,0.0,0.8952064514160156,0.9116266888306221
5.0,56962.203125,676.2,0.0,-1.2710057497024536,0.7758064007390643
5.0,42548.74609375,523.9782608695652,0.0,-1.0729706287384033,0.7882230915728137
0.0,50679.45703125,933.3823529411765,0.0,-3.6962995529174805,0.6237418417409867
5.0,67828.078125,737.45,0.0,-3.393294334411621,0.6427400987212872
9.0,35998.359375,597.483870967742,0.0,-0.033209413290023804,0.853415535672109
4.0,34853.97265625,675.0,0.0,-1.0061193704605103,0.7924146279116352
5.0,56070.94140625,516.5,0.0,0.7702007293701172,0.9037889002831286
9.0,41363.421875,686.3333333333334,0.0,0.39305660128593445,0.880142175321472
6.0,50526.78515625,653.5,0.0,-1.9433543682098389,0.7336505200656548
4.0,34678.35546875,560.6,0.0,-0.3908904194831848,0.8309891375191717
4.0,48858.41015625,715.4594594594595,0.0,-2.959061861038208,0.6699662308619128
7.0,48096.19140625,695.0,0.0,-1.253347396850586,0.7769135695428984
2.0,43758.6015625,623.1724137931035,0.0,-0.0003063082695007324,0.8554785418728343
1.0,46249.16015625,785.0,0.0,-2.1015117168426514,0.7237341431548358
7.0,45853.015625,839.0,0.0,-2.088364839553833,0.7245584449752898
2.0,36617.765625,531.9354838709677,0.0,0.6575988531112671,0.8967288258983428
9.0,33993.4140625,637.0,0.0,-1.6630446910858154,0.7512257793510465
2.0,43027.4609375,778.6,0.0,-0.9335148334503174,0.7969668915949377
9.0,38918.5859375,502.51612903225805,0.0,0.6103659868240356,0.8937673517162615
5.0,43789.10546875,581.5,0.0,-0.23605990409851074,0.8406969238542561
6.0,44552.80078125,644.0,0.0,0.734882116317749,0.9015744430857727
1.0,41145.27734375,607.6111111111111,0.0,1.584315538406372,0.9548334414623427
1.0,45297.12890625,798.6315789473684,0.0,-0.5500153303146362,0.821012095002048
2.0,40237.55859375,569.5,0.0,-0.5933208465576172,0.8182968634614637
9.0,42516.4609375,631.6666666666666,0.0,-0.7622156143188477,0.8077072564032803
4.0,38531.34375,481.77777777777777,0.0,0.382850706577301,0.8795022714566323
4.0,46551.015625,670.7894736842105,0.0,-2.0799264907836914,0.7250875247027448
8.0,52350.10546875,665.5,0.0,-1.6265342235565186,0.7535149651545547
5.0,44754.03515625,580.0,0.0,-0.21296276152133942,0.8421451017185038
4.0,43192.35546875,843.9032258064516,0.0,-3.2024855613708496,0.6547037015998111
1.0,54426.3984375,790.5,0.0,-1.012616753578186,0.7920072456402084
2.0,45349.25,739.8285714285714,0.0,-2.5321969985961914,0.6967304179360614
1.0,37538.5390625,816.85,0.0,-2.3100905418395996,0.7106563680013872
6.0,39463.16015625,624.5277777777778,0.0,-0.15697360038757324,0.8456555906684167
3.0,47175.6953125,1000.1388888888889,0.0,-4.5889811515808105,0.5677712069888213
3.0,46669.60546875,662.1935483870968,0.0,-0.6828395128250122,0.8126840933756282
2.0,39123.5,582.8888888888889,0.0,0.746829628944397,0.9023235454156788
6.0,56424.5078125,684.0454545454545,0.0,-3.0434370040893555,0.6646759567922458
0.0,41660.09375,858.1136363636364,0.0,-5.135087013244629,0.533530676249787
1.0,39744.2421875,668.3333333333334,0.0,-0.6970865726470947,0.8117908107283909
2.0,48175.828125,1108.9310344827586,0.0,-4.999527454376221,0.542030184437196
2.0,41888.39453125,646.0,0.0,-1.6511387825012207,0.7519722731308879
1.0,41795.484375,682.0,0.0,-0.2984757125377655,0.8367834877286031
5.0,54782.80859375,749.2307692307693,0.0,-2.5688793659210205,0.6944304541119419
4.0,46599.015625,778.1142857142858,0.0,-3.607694387435913,0.6292973358407304
5.0,36944.33203125,762.375,0.0,-3.1995880603790283,0.6548853732842617
8.0,50118.578125,644.3333333333334,0.0,-1.0014582872390747,0.7927068752111506
8.0,28242.984375,523.975,0.0,1.0254719257354736,0.9197942608908833
1.0,45074.5078125,835.8947368421053,0.0,-1.3618137836456299,0.7701127880242886
9.0,49971.05859375,827.7941176470588,0.0,-4.18277645111084,0.5932400135136348
7.0,31056.1015625,540.2647058823529,0.0,-0.3471401333808899,0.8337322558800755
1.0,45401.4609375,1017.7222222222222,0.0,-1.8465707302093506,0.7397187997978935
9.0,58224.69140625,673.0,0.0,-1.2378677129745483,0.7778841370258642
9.0,40192.83203125,639.7714285714286,0.0,-1.0704472064971924,0.7883813087297482
1.0,49959.30859375,755.5,0.0,-1.0061419010162354,0.7924132152584482
6.0,45755.11328125,497.47727272727275,0.0,0.4760746359825134,0.8853473594596938
0.0,61382.5859375,764.0,0.0,-3.105109691619873,0.6608091139301058
8.0,50490.7890625,695.1081081081081,0.0,-1.0122034549713135,0.7920331592306795
7.0,66985.375,873.2307692307693,0.0,-5.833192348480225,0.4897598639069353
1.0,39065.40625,631.4736842105264,0.0,0.6610233783721924,0.8969435417083985
1.0,42396.88671875,601.6111111111111,0.0,0.8559360504150391,0.9091644567488946
6.0,48088.9296875,594.2222222222222,0.0,-0.8622143268585205,0.8014373933035754
0.0,37600.8203125,531.4883720930233,0.0,-0.4273333251476288,0.8287041878066355
4.0,29363.818359375,801.0,0.0,-2.1503424644470215,0.7206724827118157
4.0,41019.33984375,726.0571428571428,0.0,-2.4430291652679443,0.7023211909937006
2.0,28777.328125,432.0,0.0,0.5366969108581543,0.889148342038466
2.0,48752.6953125,690.0,0.0,-1.6321961879730225,0.7531599631663761
5.0,51106.02734375,672.0,0.0,-0.3044030964374542,0.8364118440879343
1.0,40048.41796875,834.0,0.0,-1.0273185968399048,0.7910854483267907
0.0,46230.55078125,959.21875,0.0,-3.7687833309173584,0.6191971495797918
6.0,49855.1875,782.6666666666666,0.0,-3.390078544616699,0.6429417269348864
9.0,41470.30859375,688.4705882352941,0.0,-1.370840072631836,0.769546844775575
4.0,46559.296875,649.725,0.0,-1.0573337078094482,0.7892035177306661
1.0,36546.859375,750.6666666666666,0.0,0.15355007350444794,0.8651252505777677
7.0,39817.28125,538.4375,0.0,-0.49082106351852417,0.8247235422764495
1.0,36050.78515625,688.0,0.0,-0.17708590626716614,0.8443945603883077
8.0,55482.0234375,843.75,0.0,-4.54026460647583,0.5708257069992855
1.0,39855.7109375,824.5263157894736,0.0,-1.020142912864685,0.7915353596809347
1.0,38370.4140625,520.5,0.0,1.1420998573303223,0.9271067666835089
1.0,29907.2734375,628.6666666666666,0.0,0.6419018507003784,0.8957446326653252
3.0,42196.7890625,701.1578947368421,0.0,-1.896660327911377,0.7365782101609378
8.0,44013.56640625,596.0,0.0,-0.7469943761825562,0.808661619483552
9.0,46211.046875,572.6666666666666,0.0,-0.8980222940444946,0.7991922538769481
4.0,47135.69140625,704.0,0.0,-2.3645472526550293,0.7072419628255455
6.0,46892.07421875,1054.157894736842,0.0,-3.4867639541625977,0.6368796060715685
3.0,46003.9140625,834.4242424242424,0.0,-2.3836395740509033,0.7060448849995665
7.0,47477.2109375,790.5666666666667,0.0,-1.6109594106674194,0.7544914971731987
3.0,39375.67578125,556.0,0.0,0.07858608663082123,0.860425050713502
3.0,39744.64453125,694.25,0.0,-1.3033827543258667,0.773776380737689
7.0,39476.8125,667.0,0.0,-0.27195456624031067,0.8384463487026014
1.0,46526.70703125,804.8421052631579,0.0,-0.5835258960723877,0.8189110013543532
1.0,47000.2109375,995.2631578947369,0.0,-3.347637176513672,0.6456027768725503
0.0,42363.6953125,618.975,0.0,-1.0611275434494019,0.7889656463673137
5.0,33749.0625,476.0285714285714,0.0,0.5391414165496826,0.8893016111720686
3.0,43389.82421875,565.1081081081081,0.0,0.4561762511730194,0.8840997419105051
8.0,49564.3671875,524.3333333333334,0.0,0.5130760669708252,0.8876673283962724
4.0,44314.08984375,671.0,0.0,-2.5703744888305664,0.6943367107454325
0.0,50402.6171875,941.5641025641025,0.0,-4.563014984130859,0.569399271100853
1.0,42587.2890625,646.6,0.0,-0.23451031744480133,0.8407940820669284
3.0,41949.53515625,736.4473684210526,0.0,-2.0305838584899902,0.7281812800282231
6.0,43687.84375,1046.0,0.0,-2.7653610706329346,0.6821111616045349
1.0,37747.41015625,794.9,0.0,-1.1905361413955688,0.7808517999742882
9.0,42803.0390625,467.5,0.0,0.7637979984283447,0.903387452649958
6.0,42638.109375,755.0,0.0,-3.7659058570861816,0.6193775655725207
8.0,51399.0078125,464.5,0.0,-0.33562999963760376,0.8344539347997022
3.0,41648.1171875,657.6060606060606,0.0,-1.32271146774292,0.7725644812647805
1.0,44479.10546875,740.5555555555555,0.0,-0.8530228137969971,0.8020136960089932
4.0,37816.7421875,626.0285714285715,0.0,-0.9066619873046875,0.7986505499630767
7.0,45209.50390625,837.9333333333333,0.0,-3.4919028282165527,0.6365574015552639
1.0,42615.44921875,633.2777777777778,0.0,0.6887086629867554,0.8986793935008984
2.0,74163.046875,689.1052631578947,0.0,-0.8865029811859131,0.7999145083219474
4.0,45961.08203125,581.0714285714286,0.0,-0.4731617867946625,0.8258307690065385
7.0,38873.27734375,424.0,0.0,1.17620849609375,0.9292453591726786
7.0,51880.66796875,659.0,0.0,-0.7188458442687988,0.8104265166214717
2.0,47063.828125,706.7073170731708,0.0,-0.9222822189331055,0.7976711702149923
8.0,46332.859375,535.5,0.0,-0.03159354627132416,0.8535168496264317
4.0,40457.9453125,590.9111111111112,0.0,-1.3492964506149292,0.7708976177734194
1.0,47557.859375,487.0,0.0,0.9670741558074951,0.9161327535226638
1.0,36192.80859375,736.3684210526316,0.0,-0.8842258453369141,0.8000572834604472
7.0,48701.69140625,1077.909090909091,0.0,-3.164029836654663,0.6571148539361451
3.0,45791.078125,714.4,0.0,-1.5253099203109741,0.7598616721030146
9.0,41483.70703125,490.72222222222223,0.0,0.6616750955581665,0.8969844040098423
4.0,41409.6484375,691.0,0.0,-0.8656972646713257,0.8012190150593315
8.0,44586.640625,885.5,0.0,-2.954960823059082,0.6702233636393534
4.0,36335.0,386.5,0.0,1.385263204574585,0.9423529719532284
1.0,44918.44921875,842.4285714285714,0.0,-2.7444238662719727,0.6834239125560203
7.0,52717.7109375,684.3333333333334,0.0,-1.6989916563034058,0.7489719248259222
5.0,45042.2109375,761.5588235294117,0.0,-1.3216073513031006,0.7726337087452949
7.0,49231.8671875,665.0,0.0,-1.0736136436462402,0.7881827748993204
7.0,40361.3671875,753.8,0.0,-3.232975482940674,0.6527920006457844
7.0,46961.8828125,636.9285714285714,0.0,0.829154372215271,0.907485260570981
3.0,48469.78125,741.7567567567568,0.0,-2.3986008167266846,0.7051068234886105
3.0,39959.33984375,507.72222222222223,0.0,-0.41656115651130676,0.829379596728624
3.0,41487.3984375,574.5897435897435,0.0,-0.48714521527290344,0.8249540158964592
7.0,34169.9921875,880.25,0.0,-2.0103132724761963,0.7294522343838291
6.0,45093.2578125,745.551724137931,0.0,-1.0718790292739868,0.788291534246002
7.0,53455.8125,683.0,0.0,-2.1240663528442383,0.7223199801481118
6.0,55350.23046875,1795.4782608695652,0.0,-7.014011383056641,0.41572317379072404
4.0,45521.64453125,882.0,0.0,-5.8139472007751465,0.49096652385664785
7.0,40780.2109375,512.5,0.0,0.005919232964515686,0.8558688798108689
1.0,39607.54296875,796.0555555555555,0.0,-0.5693004131317139,0.8198029311432475
4.0,35540.0390625,810.0571428571428,0.0,-3.1525661945343018,0.6578336178571321
3.0,51776.66796875,719.25,0.0,-2.1911635398864746,0.718113024213922
6.0,43034.12109375,528.125,0.0,-0.08691862225532532,0.8500479984423444
4.0,29559.158203125,524.8333333333334,0.0,0.5729696750640869,0.8914226239771345
9.0,38322.203125,635.5294117647059,0.0,-1.4064490795135498,0.7673141800482545
6.0,51651.28515625,666.8965517241379,0.0,-1.0565598011016846,0.7892520412464833
6.0,51578.4296875,826.1086956521739,0.0,-4.978458881378174,0.5433511721284273
6.0,46611.12109375,802.918918918919,0.0,-2.0863308906555176,0.7246859724285974
1.0,27900.88671875,341.0,0.0,1.4927482604980469,0.9490922245774747
1.0,42032.6484375,927.0,0.0,-2.976391315460205,0.6688796838048655
1.0,34725.63671875,626.3888888888889,0.0,0.7354294061660767,0.9016087578518104
9.0,46792.11328125,752.0,0.0,-2.7239348888397217,0.6847085599308772
4.0,44832.84765625,603.75,0.0,-0.44647297263145447,0.8275041426615283
4.0,53694.88671875,756.0,0.0,-2.9993724822998047,0.6674387775542115
1.0,39435.30859375,642.0,0.0,-0.14825670421123505,0.84620213516176
7.0,48119.61328125,859.9677419354839,0.0,-2.3599414825439453,0.7075307420241153
6.0,38899.8359375,677.0,0.0,-0.35247865319252014,0.8333975336869202
4.0,43530.5,712.6666666666666,0.0,-2.6945879459381104,0.686548596764501
8.0,44525.7578125,768.1379310344828,0.0,-1.1586133241653442,0.7828533426812606
3.0,48521.41796875,686.3333333333334,0.0,-0.6472005844116211,0.8149186341661758
5.0,45504.2890625,625.7368421052631,0.0,-0.24059633910655975,0.8404124919276961
1.0,38765.4140625,985.8235294117648,0.0,-1.4757118225097656,0.7629714449723001
2.0,46884.1328125,646.4722222222222,0.0,-0.9857690334320068,0.7936905826110614
6.0,58831.25,626.6,0.0,-1.3240466117858887,0.7724807684833337
1.0,46549.01953125,602.4736842105264,0.0,0.7261691093444824,0.9010281424432771
9.0,49559.828125,755.0,0.0,-4.168540000915527,0.5941326309432338
4.0,45949.63671875,739.2307692307693,0.0,-2.5776915550231934,0.6938779348056817
8.0,48879.875,891.425,0.0,-4.158104419708252,0.5947869360225068
7.0,48185.5859375,457.2,0.0,1.3418242931365967,0.939629376608855
3.0,45395.921875,821.7567567567568,0.0,-3.210270404815674,0.654215596289132
8.0,45307.23828125,825.65,0.0,-3.640549421310425,0.627237343673855
3.0,41929.48046875,830.4242424242424,0.0,-2.4582526683807373,0.7013666859006747
9.0,48566.56640625,657.8918918918919,0.0,-1.440151572227478,0.7652010526882267
3.0,60580.51953125,855.75,0.0,-3.4832231998443604,0.6371016093782234
8.0,50084.10546875,965.1176470588235,0.0,-4.486408710479736,0.5742024414234761
9.0,41974.28125,448.3333333333333,0.0,0.604325532913208,0.8933886186494139
4.0,55023.94921875,649.5263157894736,0.0,-1.8064255714416504,0.7422358787001797
3.0,46609.734375,435.42857142857144,0.0,0.44668734073638916,0.8835047925567379
0.0,36425.87109375,569.0,0.0,-0.5542625188827515,0.8207457986647811
6.0,42909.71875,923.0,0.0,-4.365726947784424,0.5817691201487696
9.0,43422.1796875,687.25,0.0,-1.2922239303588867,0.7744760327316975
9.0,42993.4765625,390.7142857142857,0.0,1.199722170829773,0.93071965336929
3.0,50566.7890625,789.0,0.0,-3.56503963470459,0.6319717648747148
2.0,40816.23046875,643.8378378378378,0.0,-0.8400124311447144,0.8028294396924153
1.0,42803.27734375,761.0,0.0,0.26173070073127747,0.8719081151319822
6.0,41456.140625,556.0,0.0,0.4611412584781647,0.8844110450793328
1.0,31774.833984375,734.15,0.0,-0.35211482644081116,0.8334203454198644
1.0,44675.6640625,711.0,0.0,0.28433096408843994,0.8733251389482685
3.0,41422.84765625,670.1944444444445,0.0,-1.153069257736206,0.7832009525318632
5.0,44263.29296875,702.4054054054054,0.0,-2.1969029903411865,0.7177531638946774
1.0,41319.62890625,891.8333333333334,0.0,-1.3801367282867432,0.7689639496886184
3.0,47816.87890625,734.75,0.0,-1.2325468063354492,0.7782177548829965
0.0,52471.54296875,561.6585365853658,0.0,-0.12939438223838806,0.8473847921531227
3.0,40348.58984375,594.5142857142857,0.0,-0.1474963128566742,0.846249811272524
5.0,43160.1640625,695.0,0.0,-1.6108887195587158,0.7544959294660022
1.0,52272.8125,789.7,0.0,-1.1683019399642944,0.782245871913465
9.0,49844.75,601.0,0.0,-1.029006004333496,0.7909796488248818
8.0,47370.609375,608.975,0.0,-0.3429848253726959,0.8339927913578512
3.0,44446.09375,783.9487179487179,0.0,-3.469482421875,0.6379631484377102
9.0,51183.3984375,844.3157894736842,0.0,-2.833681583404541,0.6778275038343443
1.0,37992.9921875,651.8421052631579,0.0,0.4378878176212311,0.8829530674007481
3.0,57850.87890625,832.2051282051282,0.0,-4.412987232208252,0.5788059268649265
4.0,45394.56640625,515.7368421052631,0.0,-0.7210605144500732,0.8102876580452467
8.0,51934.1015625,561.9130434782609,0.0,-1.7460448741912842,0.7460217144975588
2.0,38253.2734375,566.3636363636364,0.0,0.8287935256958008,0.9074626356969239
6.0,49663.2109375,827.9767441860465,0.0,-3.5782508850097656,0.6311434269022982
3.0,39881.48046875,606.9117647058823,0.0,-0.0853588879108429,0.8501457929095274
5.0,45090.390625,610.6363636363636,0.0,-0.1158626452088356,0.848233224463117
1.0,37350.09765625,578.6111111111111,0.0,0.640001654624939,0.8956254914388733
9.0,49907.7265625,532.0,0.0,0.4793897569179535,0.885555215680002
8.0,47976.9140625,846.1666666666666,0.0,-2.5939407348632812,0.6928591203580515
8.0,46143.5234375,535.8421052631579,0.0,-0.07483434677124023,0.8508056757265821
2.0,40928.55859375,523.0,0.0,0.7607772350311279,0.9031980524819345
0.0,38808.984375,560.0,0.0,-1.6023495197296143,0.7550313324981986
9.0,41081.375,535.0571428571428,0.0,0.19859810173511505,0.8679497366410844
5.0,38537.0234375,493.2352941176471,0.0,0.22634552419185638,0.8696894844413816
7.0,37742.59375,554.0,0.0,-0.3532927334308624,0.8333464913133041
4.0,44681.3203125,986.0,0.0,-4.452294826507568,0.5763413627842872
1.0,39751.953125,829.2777777777778,0.0,-0.5132178664207458,0.8233192753163895
7.0,51543.69921875,552.5,0.0,-0.6532962322235107,0.814536440472738
4.0,49534.0625,688.4545454545455,0.0,-1.5979191064834595,0.755309116919848
8.0,43692.3359375,603.3333333333334,0.0,-0.7226135730743408,0.8101902821419709
9.0,43510.19140625,543.4666666666667,0.0,0.7095402479171753,0.899985522173423
8.0,60864.8359375,669.0,0.0,-1.5280232429504395,0.7596915482977903
4.0,60216.19140625,536.0,0.0,0.07034488022327423,0.8599083317014324
7.0,31963.23828125,609.0,0.0,-2.1033196449279785,0.7236207870795301
9.0,35413.57421875,558.5,0.0,0.23557308316230774,0.8702680472050395
3.0,59354.203125,447.5,0.0,0.8559294939041138,0.9091640456593428
4.0,39712.03515625,510.0,0.0,0.5602213144302368,0.8906233089270712
5.0,48997.9140625,504.1621621621622,0.0,-0.1467844545841217,0.8462944443863105
9.0,35170.28515625,510.37931034482756,0.0,0.7947332859039307,0.9053270777960817
3.0,46813.55078125,943.9777777777778,0.0,-5.131081581115723,0.5337818145941275
3.0,47013.9375,758.0294117647059,0.0,-2.3250417709350586,0.7097189343362922
8.0,46076.03125,409.7142857142857,0.0,0.6924871206283569,0.898916300672393
7.0,42247.35546875,487.3939393939394,0.0,-0.282075434923172,0.8378117759218122
0.0,50672.296875,594.8780487804878,0.0,-1.3920202255249023,0.7682188610876084
8.0,51624.37109375,859.8333333333334,0.0,-1.1942001581192017,0.7806220681840604
3.0,48447.95703125,550.6666666666666,0.0,-0.9993098974227905,0.7928415780457251
0.0,43376.2578125,637.046511627907,0.0,-1.1799116134643555,0.781517951907007
1.0,32383.783203125,597.8888888888889,0.0,1.280923843383789,0.9358109526215554
7.0,42230.7578125,635.8,0.0,0.31000152230262756,0.8749346685272829
5.0,51438.625,595.7021276595744,0.0,-0.6958177089691162,0.8118703677681873
6.0,32305.955078125,666.3888888888889,0.0,-1.9827028512954712,0.7311833922810836
2.0,44701.0,502.5,0.0,0.08926209807395935,0.8610944306334964
9.0,41421.6796875,573.4722222222222,0.0,0.23384127020835876,0.8701594635057119
1.0,47367.08984375,503.72222222222223,0.0,1.0402064323425293,0.9207181061777043
0.0,48653.4921875,710.8947368421053,0.0,-1.9528157711029053,0.733057295419416
4.0,41119.25,581.0,0.0,-0.03576631098985672,0.8532552196227244
9.0,41157.83203125,493.55555555555554,0.0,0.5207544565200806,0.8881487591075021
7.0,29748.8515625,865.0,0.0,-3.1916165351867676,0.6553851834356323
3.0,49331.10546875,697.6666666666666,0.0,-0.23778140544891357,0.840588986686678
6.0,47077.40625,573.375,0.0,-0.2517766058444977,0.8397114954839944
4.0,49192.31640625,527.4186046511628,0.0,-0.6310367584228516,0.8159320969752778
5.0,34886.7734375,553.3636363636364,0.0,-0.21252962946891785,0.8421722588548689
9.0,51585.1328125,695.5,0.0,-0.6825265884399414,0.8127037135587798
1.0,37118.421875,640.578947368421,0.0,0.2937568724155426,0.8739161381051612
8.0,44931.90625,1070.0,0.0,-3.9443204402923584,0.6081910714339103
8.0,55092.78515625,745.75,0.0,-2.5422492027282715,0.6961001503840324
2.0,57605.04296875,628.5,0.0,-1.1603118181228638,0.7827468480642914
5.0,36276.5390625,417.875,0.0,1.796316146850586,0.9681257605156708
1.0,40818.0625,718.2857142857143,0.0,-0.8163399696350098,0.8043136897305345
3.0,36708.671875,536.0,0.0,0.7149492502212524,0.9003246635792596
3.0,42027.56640625,634.0,0.0,-1.7552540302276611,0.7454443055875292
6.0,38103.8984375,644.5526315789474,0.0,-0.9348698854446411,0.7968819305961247
3.0,53588.2109375,760.3928571428571,0.0,-2.356703281402588,0.7077337754165458
0.0,39468.51953125,569.9333333333333,0.0,-0.6302868127822876,0.8159791181456423
5.0,41186.48828125,664.7619047619048,0.0,-2.174708127975464,0.7191447692965436
0.0,44644.6015625,719.0555555555555,0.0,-2.2487525939941406,0.7145022228733217
0.0,50053.875,635.1190476190476,0.0,-1.3992588520050049,0.7677650032737677
4.0,49491.05078125,566.0,0.0,0.26550963521003723,0.8721450522008987
1.0,26731.015625,375.0,0.0,1.557313084602356,0.9531404027780684
8.0,48596.63671875,625.8571428571429,0.0,-1.7264569997787476,0.7472498632192947
9.0,41822.625,717.25,0.0,-1.3377361297607422,0.7716224433967059
6.0,47766.75390625,623.9230769230769,0.0,-0.5181008577346802,0.8230131145041363
0.0,43345.2890625,686.9444444444445,0.0,-2.8422141075134277,0.6772925193660551
3.0,39033.29296875,724.0540540540541,0.0,-1.3778281211853027,0.7691086980569666
9.0,35869.578125,552.5806451612904,0.0,0.022908657789230347,0.8569341072031859
1.0,35831.60546875,851.5,0.0,-1.3784620761871338,0.7690689494344902
4.0,64627.890625,875.3333333333334,0.0,-4.039051055908203,0.602251515051857
3.0,54945.15625,532.1463414634146,0.0,-0.7761014699935913,0.8068366210531666
5.0,43957.7890625,642.2325581395348,0.0,-1.0302400588989258,0.7909022742968874
6.0,45767.3828125,785.8333333333334,0.0,-2.3440489768981934,0.7085271932001304
1.0,44661.7265625,976.0,0.0,-2.0658299922943115,0.725971367239003
4.0,57180.96484375,730.875,0.0,-1.3972605466842651,0.767890295894785
6.0,40405.53125,810.8181818181819,0.0,-2.9036993980407715,0.6734374261907395
8.0,40181.30859375,650.0,0.0,-0.8155233860015869,0.8043648890656159
7.0,49827.63671875,673.5,0.0,-2.047184467315674,0.7271404311806193
9.0,42308.60546875,615.3333333333334,0.0,0.3745439946651459,0.878981445286223
6.0,48574.3125,1359.037037037037,0.0,-6.870652675628662,0.42471168421147043
4.0,48642.8515625,785.7027027027027,0.0,-2.8649227619171143,0.6758686994920428
8.0,56596.1953125,625.2,0.0,-1.7319319248199463,0.7469065884948741
3.0,44798.09765625,640.6486486486486,0.0,-0.16386637091636658,0.8452234178284307
9.0,32100.416015625,650.59375,0.0,-0.8341773748397827,0.80319529444476
6.0,55445.5234375,570.5,0.0,0.6041475534439087,0.8933774594366728
8.0,47543.59765625,798.0,0.0,-1.8723094463348389,0.7381049967561297
4.0,44307.4609375,592.6111111111111,0.0,0.6329046487808228,0.8951805131593503
1.0,45401.7109375,683.0,0.0,-0.038829781115055084,0.8530631417668479
5.0,41721.8046875,520.5384615384615,0.0,0.6169837713241577,0.8941822830867294
7.0,38790.59765625,668.9,0.0,-0.37260159850120544,0.8321358363205841
0.0,47984.78125,596.1086956521739,0.0,-2.0054008960723877,0.7297602376247097
6.0,45374.7421875,662.0,0.0,-0.7329282760620117,0.8095435560591611
2.0,38017.83203125,640.7045454545455,0.0,-2.1057801246643066,0.7234665163822923
7.0,33432.07421875,474.0,0.0,-0.0031377971172332764,0.8553010091127342
7.0,36587.21875,494.0,0.0,0.972614049911499,0.9164801017708243
3.0,48135.09765625,749.0,0.0,-3.7925548553466797,0.6177066883522634
5.0,50984.69140625,666.5,0.0,-0.8701813220977783,0.8009378671777133
7.0,64516.57421875,789.3333333333334,0.0,-0.09009893238544464,0.8498485947837968
5.0,50129.4140625,938.6285714285714,0.0,-4.382566452026367,0.580713292692771
9.0,44736.79296875,915.25,0.0,-3.869534969329834,0.6128800784508351
4.0,40207.34375,678.0526315789474,0.0,-2.181058406829834,0.7187466103797869
1.0,39981.26171875,592.8333333333334,0.0,1.01143217086792,0.9189139761478368
9.0,38236.26953125,484.0,0.0,0.5262305736541748,0.8884921085754776
5.0,39384.84765625,587.6666666666666,0.0,-0.18269138038158417,0.8440431003103352
0.0,54093.078125,832.75,0.0,-4.725121021270752,0.5592353136389049
2.0,46226.375,797.5,0.0,-2.707437038421631,0.6857429658840518
3.0,39110.79296875,599.34375,0.0,0.5760085582733154,0.8916131602471918
1.0,41060.76953125,741.8421052631579,0.0,-0.24046814441680908,0.8404205296627272
1.0,43145.4765625,861.2631578947369,0.0,-2.121913433074951,0.7224549670081949
7.0,54116.359375,707.4444444444445,0.0,-2.268604278564453,0.7132575334028947
3.0,45495.37890625,448.6808510638298,0.0,-0.3332469165325165,0.8346033527716405
2.0,48499.09375,541.0,0.0,0.6209768056869507,0.8944326440980994
7.0,56434.53515625,821.0,0.0,-2.2187044620513916,0.716386223865916
5.0,49814.1875,630.0,0.0,-0.9757651090621948,0.7943178230491185
7.0,42578.55859375,866.125,0.0,-3.943355083465576,0.6082515987646385
1.0,36803.5234375,754.0588235294117,0.0,-0.06156817078590393,0.851637457508289
4.0,48400.3125,757.0,0.0,-3.222838878631592,0.6534275600414976
6.0,47991.3046875,601.0,0.0,-0.16819581389427185,0.8449519641858783
9.0,46644.30859375,768.9,0.0,-1.2866778373718262,0.7748237696463434
4.0,48261.27734375,609.0,0.0,-1.1806530952453613,0.7814714614158821
0.0,57785.48046875,760.4,0.0,-3.593599557876587,0.6301810737360117
2.0,42644.5625,717.6,0.0,-1.092138648033142,0.7870212675311008
0.0,50465.31640625,792.3636363636364,0.0,-4.073741912841797,0.6000764178104921
5.0,43636.23046875,495.76190476190476,0.0,0.5274641513824463,0.8885694532060501
0.0,37910.96484375,879.6666666666666,0.0,-4.972602844238281,0.5437183423673376
8.0,48661.53125,719.2765957446809,0.0,-2.4434618949890137,0.7022940590832852
9.0,50209.32421875,666.5675675675676,0.0,-1.7741609811782837,0.7442588503843314
5.0,34679.2421875,668.0,0.0,0.2973650097846985,0.8741423662912547
6.0,47732.2265625,810.4571428571429,0.0,-2.668064594268799,0.6882115960140757
1.0,40460.3515625,720.3157894736842,0.0,0.2771371901035309,0.8728740933606796
3.0,60569.75390625,774.3333333333334,0.0,-2.8921570777893066,0.6741611231863477
4.0,41307.53125,619.7142857142857,0.0,-0.7891626358032227,0.8060176932943073
2.0,55671.76171875,759.9473684210526,0.0,-3.3888516426086426,0.6430186530015517
1.0,55225.6484375,684.7777777777778,0.0,-1.0664422512054443,0.7886324171766669
1.0,38711.484375,638.0,0.0,-0.352373868227005,0.8334041036453926
3.0,39729.05859375,698.2162162162163,0.0,-0.5700479745864868,0.8197560594599927
3.0,43939.22265625,680.2758620689655,0.0,-1.4211755990982056,0.7663908355432512
2.0,46535.03125,799.25,0.0,-2.152494430541992,0.7205375556465766
5.0,46229.65625,412.4,0.0,0.9786804914474487,0.9168604642471679
9.0,48949.77734375,495.3333333333333,0.0,-0.19789472222328186,0.843089859317681
3.0,46092.92578125,937.53125,0.0,-4.250315189361572,0.5890053725667236
1.0,39340.125,822.2222222222222,0.0,-0.6006067991256714,0.817840038328495
7.0,34806.9296875,756.4444444444445,0.0,-1.1411360502243042,0.7839491579391109
3.0,38353.8125,954.9722222222222,0.0,-3.317422389984131,0.6474972270141146
1.0,34442.12109375,1038.6666666666667,0.0,-2.2096986770629883,0.716950881525486
1.0,40758.44140625,911.9,0.0,-2.2190394401550293,0.7163652209269995
0.0,51042.52734375,866.0,0.0,-4.047276973724365,0.6017357546258786
4.0,42669.1484375,643.46875,0.0,-0.4497573971748352,0.8272982110877579
6.0,43978.27734375,688.8571428571429,0.0,-1.0966240167617798,0.7867400374315723
7.0,46211.9921875,908.0571428571428,0.0,-4.058843612670898,0.6010105328617513
6.0,49432.2421875,673.1428571428571,0.0,-0.5414083003997803,0.8215517509425162
5.0,48136.21875,691.5,0.0,-0.38090401887893677,0.8316152792269722
3.0,30495.337890625,733.5,0.0,-1.6458438634872437,0.752304261578524
6.0,56132.0546875,579.1458333333334,0.0,-0.33461281657218933,0.8345177116064781
1.0,46675.99609375,1009.35,0.0,-3.435883045196533,0.6400698104802423
7.0,49729.40234375,810.25,0.0,-1.3041038513183594,0.7737311683613523
3.0,36170.3984375,921.375,0.0,-5.204031944274902,0.5292078678055592
5.0,44047.03515625,717.5,0.0,-2.7545042037963867,0.6827918810560966
7.0,38122.05078125,583.0,0.0,0.17916974425315857,0.8667315895412838
3.0,42233.0625,481.1515151515151,0.0,0.9735820293426514,0.9165407935373733
9.0,50951.15625,853.0,0.0,-2.572413682937622,0.6942088544204833
5.0,49790.1171875,922.8709677419355,0.0,-2.7218310832977295,0.6848404673564998
5.0,41134.60546875,457.1666666666667,0.0,0.668005108833313,0.8973812922861661
8.0,41444.765625,710.0,0.0,-1.5699541568756104,0.7570625035503189
8.0,50251.89453125,563.4285714285714,0.0,-0.0010022222995758057,0.855434908454094
1.0,35228.29296875,786.6470588235294,0.0,-0.05544132739305496,0.8520216071471282
7.0,41711.421875,472.72727272727275,0.0,0.3145148456096649,0.875217651363173
4.0,44979.3125,512.25,0.0,-1.1992427110671997,0.7803059029469889
4.0,35127.234375,540.6341463414634,0.0,-0.11753369867801666,0.8481284503493514
8.0,43739.73046875,757.1842105263158,0.0,-2.383118152618408,0.7060775778304637
5.0,48654.5859375,1104.2307692307693,0.0,-2.4735515117645264,0.7004074570149816
8.0,32103.3984375,549.5263157894736,0.0,0.9029170274734497,0.9121101376178332
1.0,40384.9765625,608.8,0.0,0.631305456161499,0.8950802446805012
9.0,44010.546875,693.4117647058823,0.0,-0.7502961158752441,0.8084546022596472
3.0,45341.75,541.5,0.0,0.1293133944272995,0.8636056244151317
7.0,37112.1171875,637.0,0.0,-1.094794511795044,0.7868547463652209
0.0,56579.4140625,756.0,0.0,-3.730260133743286,0.6216125324013311
1.0,35332.1640625,741.3888888888889,0.0,0.8574235439300537,0.9092577217566529
9.0,51449.7421875,757.3333333333334,0.0,-2.7458744049072266,0.6833329645984627
7.0,45112.15234375,838.7272727272727,0.0,-2.0208852291107178,0.7287893786418798
9.0,49316.453125,782.3428571428572,0.0,-2.483917713165283,0.6997575020106016
8.0,37513.125,630.3333333333334,0.0,-1.1685636043548584,0.7822294657031724
7.0,51993.5,589.8378378378378,0.0,-1.1552996635437012,0.783061107340714
1.0,44926.859375,700.0555555555555,0.0,0.6617478132247925,0.8969889633666889
3.0,49571.50390625,648.4,0.0,-1.2013030052185059,0.7801767236611187
6.0,38268.15625,713.0,0.0,-0.4602864682674408,0.8266380442451947
3.0,50758.83203125,666.0,0.0,-1.507629632949829,0.7609702161882581
4.0,46592.3046875,618.0,0.0,-0.21879832446575165,0.8417792152001483
8.0,55283.46875,562.0,0.0,-0.6831001043319702,0.8126677544345351
5.0,58371.78515625,718.9,0.0,-2.344855785369873,0.7084766067621989
2.0,41269.12109375,588.5,0.0,-0.4926357567310333,0.8246097620314701
0.0,47594.328125,712.8222222222222,0.0,-2.8767387866973877,0.6751278413762382
5.0,32968.4609375,471.3333333333333,0.0,1.2237896919250488,0.9322286734214908
1.0,44265.85546875,1068.0,0.0,-2.7863025665283203,0.6807981415762518
2.0,48450.046875,1052.2941176470588,0.0,-5.3953680992126465,0.5172111983783638
0.0,47500.31640625,682.6666666666666,0.0,-1.485170841217041,0.762378369813171
4.0,47812.5546875,680.3333333333334,0.0,-1.3762083053588867,0.7692102595993148
5.0,51829.0078125,717.0,0.0,-1.4184446334838867,0.7665620655530874
8.0,56717.0703125,819.9761904761905,0.0,-2.640354633331299,0.6899489949981613
6.0,36638.53125,860.5277777777778,0.0,-3.809657096862793,0.616634387416773
1.0,36502.640625,580.1052631578947,0.0,-0.21580539643764496,0.8419668701061658
3.0,50854.23046875,679.4571428571429,0.0,-1.4097356796264648,0.7671081120674964
8.0,50140.9375,836.9302325581396,0.0,-4.438724517822266,0.5771922135154286
1.0,40313.21875,633.0555555555555,0.0,0.7551190853118896,0.9028432896731314
3.0,43734.15625,559.0,0.0,-0.3212224543094635,0.835357279798013
7.0,39550.41015625,699.0,0.0,-1.5063879489898682,0.7610480690750037
8.0,51953.91015625,669.8979591836735,0.0,-0.6533377170562744,0.8145338393970288
5.0,44529.4375,645.2333333333333,0.0,-0.5933579206466675,0.8182945389369075
7.0,49956.421875,800.0,0.0,-2.290069580078125,0.7119116710566048
9.0,40383.3125,618.0571428571428,0.0,-0.6815129518508911,0.8127672680034801
2.0,40385.2421875,578.5333333333333,0.0,-0.41259512305259705,0.8296282647984764
5.0,50578.1328125,599.7714285714286,0.0,-0.7782530784606934,0.8067017164109939
0.0,50545.47265625,732.0,0.0,-1.2728289365768433,0.7756920879462564
5.0,30777.7109375,558.125,0.0,-0.029039546847343445,0.8536769839555485
6.0,45880.2578125,671.4,0.0,-1.6026549339294434,0.7550121831994427
1.0,42499.015625,664.8947368421053,0.0,0.17355680465698242,0.866379661381799
3.0,42607.80078125,691.3714285714286,0.0,-1.2571908235549927,0.7766725888476637
0.0,50565.36328125,596.7179487179487,0.0,-0.24567043781280518,0.8400943487893039
8.0,44725.54296875,638.0,0.0,-1.4007956981658936,0.767668643882838
3.0,46129.515625,894.4,0.0,-3.6946239471435547,0.6238469012817025
1.0,38619.4140625,775.2105263157895,0.0,-0.05963693559169769,0.8517585448700509
1.0,36171.34375,914.6666666666666,0.0,-0.8283262252807617,0.8035621582350954
5.0,42859.21484375,498.0,0.0,-0.11254354566335678,0.8484413301400395
9.0,42535.234375,617.9285714285714,0.0,-1.7500865459442139,0.7457683039491505
8.0,45951.6953125,520.9,0.0,1.0239826440811157,0.9197008837677927
5.0,50211.66015625,571.2758620689655,0.0,0.640731692314148,0.8956712643918715
2.0,44021.28125,993.7142857142857,0.0,-4.494977951049805,0.573665154853697
3.0,45607.40234375,781.7333333333333,0.0,-2.115549087524414,0.7228540078988989
6.0,51291.8984375,708.0,0.0,-2.252317428588867,0.7142787097468585
9.0,40830.21875,1215.2068965517242,0.0,-6.090565204620361,0.47362273041195657
3.0,57551.19140625,943.8,0.0,-4.054633140563965,0.6012745270975284
2.0,55311.4765625,881.28125,0.0,-2.748444080352783,0.6831718473915994
9.0,48260.31640625,822.0,0.0,-2.7921085357666016,0.6804341105666458
8.0,37710.60546875,646.4857142857143,0.0,-0.46003904938697815,0.8266535572700066
3.0,49358.51171875,684.0,0.0,-1.1458053588867188,0.783656394909067
5.0,48702.91015625,624.425,0.0,-1.011109471321106,0.7921017513909776
1.0,45657.140625,830.7894736842105,0.0,-1.3856796026229858,0.7686164145815706
6.0,43129.2890625,620.8857142857142,0.0,-0.8996102809906006,0.7990926879875149
0.0,46547.6171875,595.0,0.0,-1.3366296291351318,0.77169182036433
5.0,42836.04296875,583.0967741935484,0.0,-0.2964685261249542,0.8369093371891042
6.0,41994.6796875,524.2142857142857,0.0,0.5491011142730713,0.8899260786242402
9.0,40591.98828125,659.0,0.0,-0.17247629165649414,0.8446835806348418
4.0,41836.98046875,709.7142857142857,0.0,-1.570534110069275,0.7570261408108778
2.0,50317.515625,777.4761904761905,0.0,-3.448070526123047,0.6393056622727422
1.0,40835.29296875,1028.1764705882354,0.0,-2.142730951309204,0.7211497203096177
9.0,38147.01171875,748.5483870967741,0.0,-0.5644989013671875,0.8201039832335257
1.0,48368.203125,1163.4705882352941,0.0,-2.8372769355773926,0.6776020772728768
8.0,50069.83203125,910.3333333333334,0.0,-3.9999489784240723,0.604703193343638
6.0,60205.2421875,764.4,0.0,-2.706390142440796,0.6858086056739328
1.0,42703.0625,744.1578947368421,0.0,-0.6916754245758057,0.8121300866726262
4.0,52194.92578125,922.7,0.0,-4.050637722015381,0.6015250375960081
1.0,54727.3203125,750.6315789473684,0.0,-0.4941437840461731,0.8245152095659791
3.0,47524.6015625,637.0222222222222,0.0,-2.1684746742248535,0.7195356033449236
3.0,40364.14453125,614.0,0.0,-2.1363272666931152,0.7215512277376321
5.0,32476.44921875,667.9642857142857,0.0,-0.29136011004447937,0.8372296320075819
7.0,42230.94921875,749.047619047619,0.0,-0.3893784284591675,0.8310839385069826
6.0,40866.6328125,614.551724137931,0.0,-0.538637638092041,0.8217254699127294
9.0,43587.4140625,506.9375,0.0,0.2699945271015167,0.8724262524030053
7.0,48747.90234375,655.75,0.0,-1.303056240081787,0.773796852997366
4.0,47487.9765625,564.1428571428571,0.0,-1.2556517124176025,0.7767690902513477
6.0,41793.484375,641.1052631578947,0.0,-2.1616146564483643,0.7199657226057397
3.0,36255.66015625,767.1428571428571,0.0,-1.4830610752105713,0.762510650956568
1.0,50085.87890625,587.4,0.0,0.6991128921508789,0.8993317328246785
2.0,48362.1640625,594.8,0.0,-0.815453290939331,0.8043692839866419
1.0,35493.734375,815.0,0.0,-1.0920040607452393,0.7870297060784448
4.0,52279.2421875,724.5,0.0,-4.0223002433776855,0.6033017815873737
8.0,48581.96484375,740.5,0.0,-2.557466983795166,0.6951460040600699
4.0,52664.203125,737.5116279069767,0.0,-3.0558390617370605,0.6638983547448704
1.0,44329.3984375,696.3181818181819,0.0,-0.43989506363868713,0.827916573860086
9.0,44322.12890625,509.14285714285717,0.0,-0.8130065202713013,0.8045226951329987
6.0,39587.5546875,613.25,0.0,-0.41055479645729065,0.8297561921298027
6.0,43837.6875,612.3333333333334,0.0,-0.4201388657093048,0.8291552763717684
3.0,39564.8515625,767.0344827586207,0.0,-1.9028358459472656,0.7361910086493242
8.0,43739.6484375,531.9444444444445,0.0,0.7763018608093262,0.9041714377969188
1.0,38725.984375,806.7777777777778,0.0,-0.8997619152069092,0.7990831806073362
1.0,39324.38671875,957.0,0.0,-1.7377173900604248,0.7465438430744117
3.0,43655.22265625,538.5,0.0,-0.5285769701004028,0.822356268143998
0.0,47613.3046875,752.3571428571429,0.0,-2.650824546813965,0.6892925373045082
5.0,31090.755859375,495.9,0.0,0.7976454496383667,0.9055096688262572
5.0,42169.92578125,543.5714285714286,0.0,0.06698866188526154,0.8596978986970704
5.0,40592.12109375,680.3658536585366,0.0,-1.4455171823501587,0.7648646319477871
2.0,42682.54296875,691.5,0.0,-0.7745773792266846,0.8069321806880593
7.0,45227.54296875,968.7333333333333,0.0,-3.5070056915283203,0.6356104605099903
5.0,43849.40234375,972.0,0.0,-3.6314797401428223,0.6278060075879657
8.0,45888.5,592.578947368421,0.0,-0.7950356006622314,0.8056494616969179
2.0,41021.171875,682.0,0.0,-1.161954641342163,0.7826438439713344
5.0,52097.77734375,670.921052631579,0.0,-0.6879687309265137,0.812362494282118
6.0,48970.78515625,585.0,0.0,0.3067721426486969,0.8747321882371583
2.0,58699.03515625,637.3846153846154,0.0,-0.6204067468643188,0.816598592728349
1.0,43596.3671875,742.0,0.0,-0.3271302580833435,0.8349868638202328
3.0,49484.51953125,914.5,0.0,-4.7542243003845215,0.5574105543878951
7.0,33427.625,776.0,0.0,-2.268784999847412,0.7132462022799774
1.0,47199.11328125,1033.6315789473683,0.0,-3.446406841278076,0.6394099743779094
4.0,42832.375,544.5,0.0,-0.11549116671085358,0.8482565159562541
2.0,45101.703125,620.1666666666666,0.0,-0.7070345878601074,0.8111670757630569
8.0,53584.3984375,796.75,0.0,-3.716646909713745,0.6224660739004476
9.0,43459.453125,877.7741935483871,0.0,-2.562939167022705,0.6948029012458256
4.0,63666.03515625,573.1351351351351,0.0,-0.2942027747631073,0.837051398526655
2.0,42017.0,840.875,0.0,-4.242731094360352,0.5894808910627637
4.0,42901.078125,386.05555555555554,0.0,0.5622991323471069,0.8907535869431978
4.0,42134.0546875,591.5526315789474,0.0,-0.6288561820983887,0.8160688178858337
1.0,44730.2421875,738.578947368421,0.0,-0.26394861936569214,0.8389483170741187
2.0,47385.78515625,595.4358974358975,0.0,-1.8238648176193237,0.7411424477617296
7.0,52323.08203125,700.6206896551724,0.0,-0.6430402994155884,0.8151794816982931
2.0,43593.828125,913.21875,0.0,-3.505563735961914,0.6357008703139528
6.0,33860.51171875,422.29411764705884,0.0,0.854810357093811,0.9090938764100371
7.0,51203.9609375,724.2,0.0,-2.638062000274658,0.6900927418028744
1.0,40867.546875,822.2631578947369,0.0,-0.7026547193527222,0.81144169105798
1.0,41887.58203125,652.1666666666666,0.0,0.6240994930267334,0.8946284348400637
1.0,32305.18359375,558.0555555555555,0.0,1.4452300071716309,0.9461128567883591
0.0,59411.37109375,924.5,0.0,-4.973143577575684,0.5436844386908517
1.0,37854.94921875,730.0,0.0,0.4994712173938751,0.8868143119706288
5.0,45184.109375,635.5106382978723,0.0,-1.3427951335906982,0.7713052466985771
3.0,59452.2421875,1207.0285714285715,0.0,-6.683145999908447,0.436468247443023
9.0,42752.515625,580.5862068965517,0.0,-0.3638887107372284,0.8326821294887242
9.0,34058.2578125,805.15625,0.0,-2.365902900695801,0.707156964454955
9.0,32849.171875,754.8,0.0,-2.4771738052368164,0.700180341249174
9.0,52120.4140625,570.4615384615385,0.0,-0.5441055297851562,0.8213826361752826
4.0,69965.6484375,601.0,0.0,-0.6495548486709595,0.8147710231196764
5.0,33129.59375,458.4864864864865,0.0,-0.3181074857711792,0.8355525865754596
4.0,36434.50390625,502.6111111111111,0.0,0.27225252985954285,0.8725678279074496
1.0,45048.984375,673.6666666666666,0.0,0.8526524305343628,0.9089585756270236
3.0,40780.3828125,773.0833333333334,0.0,-2.5256247520446777,0.6971424941027335
7.0,56297.65234375,724.3214285714286,0.0,-1.7112858295440674,0.7482010870702619
9.0,40674.00390625,655.2857142857143,0.0,-0.7611970901489258,0.8077711172965555
1.0,46861.8828125,816.1,0.0,-3.426802158355713,0.6406391769837687
2.0,51066.3984375,751.3913043478261,0.0,-2.8957624435424805,0.6739350687790192
8.0,42332.765625,478.27272727272725,0.0,0.9956181049346924,0.9179224430977316
0.0,46965.390625,490.3636363636364,0.0,-0.12869009375572205,0.8474289506453359
8.0,47417.50390625,595.5,0.0,-0.2668617069721222,0.8387656681176882
6.0,52831.1640625,935.5952380952381,0.0,-4.6233229637146,0.5656179946603205
4.0,46425.54296875,585.75,0.0,-0.800081729888916,0.8053330722291817
4.0,51424.69921875,591.0277777777778,0.0,-0.696305513381958,0.8118397827055372
9.0,42425.0546875,685.4444444444445,0.0,-0.7817806005477905,0.806480542757798
4.0,41102.58984375,533.4285714285714,0.0,0.34639185667037964,0.8772163220490498
1.0,50950.8359375,736.5555555555555,0.0,-0.633899450302124,0.8157526078026291
4.0,39982.4296875,494.4634146341463,0.0,0.8692163228988647,0.9099971223731378
5.0,37374.93359375,495.5111111111111,0.0,-0.2248961627483368,0.8413968841654285
9.0,48894.25390625,691.0,0.0,-0.5272054672241211,0.8224422606038682
2.0,45978.890625,714.1481481481482,0.0,-0.27108636498451233,0.8385007844336083
8.0,42671.046875,610.5,0.0,-1.4626073837280273,0.763793085922201
3.0,42691.0234375,672.0,0.0,-2.1895368099212646,0.7182150192688884
9.0,46412.359375,739.0333333333333,0.0,-1.353740930557251,0.7706189513778227
1.0,33580.6171875,496.8888888888889,0.0,1.865297794342041,0.9724508710613884
4.0,39009.984375,411.57142857142856,0.0,0.8459569215774536,0.9085387709767787
1.0,37377.21484375,532.0,0.0,1.0753146409988403,0.9229193711376268
1.0,33167.49609375,861.25,0.0,-3.1620850563049316,0.657236790571549
3.0,51349.2890625,528.7826086956521,0.0,-0.2628564238548279,0.8390167971190844
5.0,39063.2890625,805.7209302325581,0.0,-3.6777257919311523,0.6249064061206002
7.0,49833.44140625,652.6666666666666,0.0,-0.35724177956581116,0.8330988883391085
4.0,48468.73046875,723.8,0.0,-1.1963310241699219,0.7804884640797424
8.0,56150.4609375,593.4,0.0,-0.12513631582260132,0.8476517705253276
5.0,57400.4296875,919.0,0.0,-2.6846060752868652,0.687174454446793
1.0,58249.3046875,691.3,0.0,-0.2905561327934265,0.8372800409295706
0.0,59338.33203125,759.775,0.0,-3.0872175693511963,0.6619309399450486
1.0,39989.3046875,618.3157894736842,0.0,0.679283618927002,0.898088448533083
1.0,37975.60546875,626.8823529411765,0.0,0.9931650161743164,0.917768635810534
2.0,47336.19140625,694.1395348837209,0.0,-2.283806800842285,0.7123043437964345
8.0,42284.875,533.4102564102565,0.0,-0.9819538593292236,0.7939297918840459
3.0,46264.17578125,639.6176470588235,0.0,-1.3356690406799316,0.7717520487208388
0.0,58735.3984375,745.5714285714286,0.0,-0.7986315488815308,0.8054239977636728
0.0,42770.2578125,687.4047619047619,0.0,-2.4687201976776123,0.7007103776941315
9.0,40447.7734375,855.3548387096774,0.0,-2.1070733070373535,0.7233854345739766
4.0,48687.10546875,622.8285714285714,0.0,-1.6092969179153442,0.7545957345348111
2.0,48720.44140625,571.675,0.0,-1.1104578971862793,0.7858726609004506
1.0,42585.51953125,674.7894736842105,0.0,0.5115634202957153,0.8875724862995064
5.0,44631.03515625,877.3333333333334,0.0,-2.834890842437744,0.677751683972291
2.0,54450.6640625,949.0,0.0,-5.796319484710693,0.4920717717511219
8.0,68288.546875,565.8333333333334,0.0,-0.8884631395339966,0.7997916074946857
3.0,44370.5234375,776.3333333333334,0.0,-1.1365165710449219,0.7842387966885616
8.0,49189.19921875,813.0,0.0,-2.6544041633605957,0.6890680973579648
4.0,38157.078125,748.3529411764706,0.0,-2.8915436267852783,0.6741995862196802
1.0,43917.20703125,789.9444444444445,0.0,-1.0397698879241943,0.7903047593705995
6.0,46650.8125,727.0,0.0,-2.5413360595703125,0.6961574039470576
6.0,41312.44140625,774.0,0.0,-2.2880401611328125,0.712038914484404
7.0,47460.12109375,797.4666666666667,0.0,-1.9508271217346191,0.7331819826176389
7.0,43749.984375,1004.6666666666666,0.0,-3.799473762512207,0.617272876759837
3.0,31502.9765625,703.3,0.0,-2.299346446990967,0.7113300167126588
7.0,35620.33984375,763.3333333333334,0.0,-1.8725039958953857,0.738092798607976
5.0,45977.5546875,814.8285714285714,0.0,-4.043671131134033,0.601961838930629
1.0,37190.45703125,603.2222222222222,0.0,0.9552189111709595,0.915389436343904
7.0,42341.4609375,782.0,0.0,-1.6639184951782227,0.7511709923253318
9.0,50162.36328125,909.75,0.0,-3.6816911697387695,0.6246577791597031
5.0,43044.1875,625.0,0.0,-0.35516640543937683,0.8332290131309478
9.0,41243.16796875,728.5365853658536,0.0,-1.461895227432251,0.7638377377218762
2.0,48289.0390625,526.275,0.0,0.45604053139686584,0.8840912323567839
4.0,46818.390625,560.25,0.0,-0.3691956698894501,0.8323493861311839
4.0,37866.828125,578.8,0.0,0.5133035182952881,0.8876815894665403
8.0,45909.54296875,523.0,0.0,0.331685334444046,0.8762942313671792
6.0,47935.109375,600.0,0.0,-0.5058950185775757,0.8237784137623813
4.0,41463.69140625,749.7941176470588,0.0,-2.5301926136016846,0.6968560917492085
9.0,42377.60546875,569.1666666666666,0.0,-0.6686081886291504,0.8135763894079413
4.0,39285.69140625,601.5625,0.0,0.07514519989490509,0.8602093090481557
9.0,57009.91796875,756.4411764705883,0.0,-1.3203983306884766,0.7727095136586373
6.0,62870.96484375,635.4054054054054,0.0,-1.2807390689849854,0.7751961270879612
5.0,41563.015625,515.6071428571429,0.0,-0.03782019019126892,0.8531264425506089
3.0,48710.515625,929.0,0.0,-4.815087795257568,0.5535944474507963
4.0,45147.19921875,690.5,0.0,-3.573866844177246,0.6314183037996633
5.0,42845.9375,500.0,0.0,-0.37100523710250854,0.8322359272834904
7.0,42396.3125,521.5,0.0,-0.8150708675384521,0.804393261719042
9.0,44188.78125,894.4054054054054,0.0,-3.264509439468384,0.6508148392864084
8.0,52875.59375,1087.5,0.0,-6.014914035797119,0.4783660161984232
4.0,40707.5546875,744.6756756756756,0.0,-3.0365283489227295,0.6651091255901004
9.0,32089.037109375,817.4571428571429,0.0,-2.357679843902588,0.7076725454964018
2.0,56449.28515625,1081.2727272727273,0.0,-6.208908557891846,0.4662026686438828
1.0,34531.359375,1038.0,0.0,-2.108269691467285,0.7233104219423159
4.0,43179.609375,715.5588235294117,0.0,-1.6247150897979736,0.7536290238192761
2.0,41413.21875,504.85,0.0,-0.19351723790168762,0.8433643251254944
4.0,44214.16015625,560.9428571428572,0.0,-0.3343764841556549,0.8345325295162298
9.0,53535.10546875,685.3870967741935,0.0,-0.4642513394355774,0.8263894490503084
2.0,66025.125,1041.2666666666667,0.0,-4.510723114013672,0.5726779419810629
7.0,47944.0625,919.8,0.0,-3.630028486251831,0.6278970003916562
8.0,51972.6796875,891.0,0.0,-4.37945556640625,0.5809083434735423
9.0,36094.48046875,864.4285714285714,0.0,-2.397799491882324,0.7051570661061897
5.0,43379.328125,654.0,0.0,-0.7598483562469482,0.8078556821545279
1.0,40657.99609375,517.1052631578947,0.0,1.2200783491134644,0.9319959743121351
1.0,47793.04296875,887.3333333333334,0.0,-1.1330100297927856,0.7844586548551918
9.0,38092.546875,692.8285714285714,0.0,-0.35517826676368713,0.8332282694325768
4.0,41087.328125,706.5,0.0,-2.008007764816284,0.7295967884189346
8.0,46548.46875,572.75,0.0,-0.5751750469207764,0.8194345949048814
8.0,44071.46875,744.0,0.0,-0.060651957988739014,0.8516949035359681
5.0,43032.1875,566.2222222222222,0.0,1.0233685970306396,0.9196623833626827
3.0,44430.1953125,666.675,0.0,-1.3431901931762695,0.7712804766844955
1.0,42730.46484375,598.4285714285714,0.0,0.7719879150390625,0.9039009558205796
8.0,51045.40625,779.1944444444445,0.0,-1.9816029071807861,0.7312523581591559
1.0,43115.9453125,955.8421052631579,0.0,-2.304938316345215,0.7109794096455063
6.0,35691.71484375,1082.0,0.0,-1.8435125350952148,0.7399105469135396
1.0,39820.6328125,822.5,0.0,-0.8966363668441772,0.7992791507338323
5.0,51833.64453125,479.0,0.0,-0.2742006480693817,0.8383055206337058
4.0,45177.13671875,518.3888888888889,0.0,0.5838577747344971,0.8921053017098336
7.0,37124.68359375,577.0,0.0,0.06732094287872314,0.859718732528694
9.0,45222.6640625,580.7931034482758,0.0,-0.28654250502586365,0.8375316931358509
9.0,36481.890625,742.0,0.0,-1.7695642709732056,0.7445470615318841
3.0,31081.525390625,793.3928571428571,0.0,-0.6541086435317993,0.8144855027400987
3.0,39022.62890625,800.25,0.0,-2.7682456970214844,0.6819302971504767
6.0,51226.7578125,506.4375,0.0,-0.04934896528720856,0.8524035948286429
3.0,56442.06640625,1055.2121212121212,0.0,-4.724235534667969,0.5592908331514573
4.0,50163.34375,787.8,0.0,-3.0800862312316895,0.6623780708389515
4.0,50566.71484375,618.5,0.0,-0.5781697034835815,0.8192468316207093
4.0,46503.96875,523.7619047619048,0.0,0.28313323855400085,0.8732500422301085
0.0,30976.9609375,652.375,0.0,-2.3778109550476074,0.7064103361367149
4.0,46471.4453125,509.75,0.0,-0.4470507800579071,0.8274679144604861
3.0,49925.1328125,634.7045454545455,0.0,-1.7731019258499146,0.7443252525584719
1.0,46796.7265625,769.0,0.0,-1.1924781799316406,0.7807300352490605
6.0,49381.4921875,634.5,0.0,-1.6949334144592285,0.7492263743097433
5.0,44184.12890625,609.0,0.0,-0.5561131238937378,0.8206297667702114
5.0,48267.6796875,724.1176470588235,0.0,-1.6264292001724243,0.7535215500617382
3.0,44568.05078125,757.5,0.0,-1.9469223022460938,0.733426812605949
6.0,43122.84375,769.0,0.0,-3.2257156372070312,0.6532471888949016
1.0,41149.4453125,720.6666666666666,0.0,-0.4826132357120514,0.8252381684689829
9.0,53585.0546875,946.25,0.0,-4.020931720733643,0.6033875871883567
3.0,38980.38671875,683.25,0.0,-1.6846461296081543,0.7498713812907913
5.0,43600.5390625,597.5714285714286,0.0,-0.13571636378765106,0.8469884074614996
7.0,36525.35546875,653.0,0.0,0.11085386574268341,0.862448222336663
5.0,45047.40625,675.0,0.0,-0.651280403137207,0.8146628318240118
7.0,49419.19921875,587.0,0.0,0.8939781188964844,0.911549673071691
5.0,42133.96875,502.6969696969697,0.0,0.5344827175140381,0.889009513359663
5.0,51768.98046875,563.2,0.0,-0.8837352991104126,0.8000880404332734
9.0,36012.1875,964.4285714285714,0.0,-4.292105674743652,0.586385132610015
1.0,33916.734375,602.5555555555555,0.0,1.0335948467254639,0.9203035634737217
4.0,45976.59765625,939.027027027027,0.0,-5.344913005828857,0.5203747043892405
4.0,43780.8671875,626.7,0.0,-2.2843823432922363,0.7122682576081465
9.0,49896.1171875,584.9024390243902,0.0,-1.3268135786056519,0.7723072812181405
4.0,44981.03125,630.625,0.0,-2.5370266437530518,0.6964276018978883
8.0,54506.734375,617.0,0.0,-1.5973478555679321,0.7553449340313385
4.0,40883.046875,554.3333333333334,0.0,0.35166728496551514,0.8775470884395639
7.0,64935.51171875,709.8965517241379,0.0,-1.432760238647461,0.7656644851514454
3.0,45270.28125,463.3,0.0,0.7418534755706787,0.9020115433946131
1.0,30056.75,680.0,0.0,-0.14027120172977448,0.8467028216813114
3.0,39750.7421875,548.0,0.0,-0.15940891206264496,0.845502897994481
1.0,35386.62109375,723.421052631579,0.0,-0.33480721712112427,0.8345055228012689
4.0,53917.9453125,619.7777777777778,0.0,-2.1098926067352295,0.7232086660667251
3.0,28839.875,723.0,0.0,-1.4636356830596924,0.7637286121317759
4.0,46370.15234375,714.0,0.0,-2.179919719696045,0.7188180054233924
2.0,46737.73828125,571.5,0.0,-1.6474895477294922,0.7522010781010353
1.0,37219.41796875,627.6666666666666,0.0,0.8035145998001099,0.9058776612442709
7.0,52537.35546875,744.8333333333334,0.0,-1.1054482460021973,0.7861867632154079
7.0,61429.6796875,481.4166666666667,0.0,-0.62498939037323,0.8163112635547437
1.0,33040.0625,684.7894736842105,0.0,0.32380226254463196,0.8757999671875795
6.0,46645.00390625,517.8139534883721,0.0,-0.586280107498169,0.8187383138451971
3.0,43622.98828125,684.0,0.0,-2.2685129642486572,0.7132632587591972
2.0,56759.13671875,546.3333333333334,0.0,-0.04745250940322876,0.8525225015471916
7.0,59493.5703125,915.8888888888889,0.0,-2.962372303009033,0.6697586680100575
9.0,37090.390625,501.42857142857144,0.0,0.13495060801506042,0.8639590745402524
5.0,38139.94140625,852.2424242424242,0.0,-3.07454776763916,0.6627253293948463
9.0,37481.828125,937.4375,0.0,-4.489037990570068,0.5740375870388696
5.0,38981.015625,591.8,0.0,-0.46480610966682434,0.8263546652684639
8.0,41131.9921875,723.2222222222222,0.0,-0.3705379068851471,0.8322652286255856
5.0,40926.9765625,556.15,0.0,0.9893722534179688,0.9175308317163811
1.0,40012.99609375,750.8421052631579,0.0,-0.6125439405441284,0.8170915862675161
5.0,59247.91796875,600.0,0.0,0.001500546932220459,0.8555918306789405
4.0,54373.5625,635.5,0.0,-1.3170807361602783,0.7729175249718216
8.0,46516.64453125,631.3333333333334,0.0,-1.2960352897644043,0.7742370626380887
4.0,39297.5,712.125,0.0,-2.911130666732788,0.6729714898184329
7.0,43139.58984375,630.5555555555555,0.0,-0.3247293531894684,0.8351373992083163
7.0,33451.9140625,579.4411764705883,0.0,-0.25079572200775146,0.8397729963495247
3.0,46717.3125,512.0,0.0,-0.09785136580467224,0.8493625215635155
6.0,45142.36328125,510.1025641025641,0.0,0.7288960218429565,0.9011991183250269
2.0,43273.90625,542.2,0.0,0.8928556442260742,0.9114792945404318
1.0,39814.97265625,582.1578947368421,0.0,1.1933411359786987,0.9303195660688179
1.0,65750.265625,725.0,0.0,-1.5042058229446411,0.7611848871521809
6.0,58491.31640625,566.0,0.0,-1.1462180614471436,0.7836305186903734
7.0,40216.21875,631.2666666666667,0.0,0.007764920592308044,0.8559846033882749
5.0,51478.37890625,616.75,0.0,-1.699753999710083,0.7489241263225872
3.0,44133.33203125,723.0,0.0,-2.034564971923828,0.7279316664524018
8.0,49428.90234375,621.0,0.0,-2.0815892219543457,0.7249832723924216
1.0,35688.28125,559.1666666666666,0.0,1.051360845565796,0.9214174816205598
8.0,51230.09765625,1045.7575757575758,0.0,-5.811188220977783,0.4911395103400234
1.0,36621.26953125,801.3333333333334,0.0,-0.011670619249343872,0.8547660059585562
7.0,41363.6875,398.8333333333333,0.0,0.8355785608291626,0.9078880535881391
4.0,34234.05859375,776.8333333333334,0.0,-1.8038403987884521,0.7423979675732562
5.0,48728.87890625,880.5405405405405,0.0,-3.5376651287078857,0.6336881310224619
8.0,51847.578125,974.0,0.0,-3.198979139328003,0.6549235522920859
5.0,43625.875,656.7407407407408,0.0,-0.6438072919845581,0.8151313916950942
7.0,33434.30078125,873.9032258064516,0.0,-3.4335341453552246,0.6402170851807448
5.0,53638.41015625,666.59375,0.0,-0.9294310808181763,0.7972229405908329
3.0,48581.76953125,682.9111111111112,0.0,-2.2181477546691895,0.7164211291060372
1.0,42667.296875,826.578947368421,0.0,-0.3020746111869812,0.8365578388050599
7.0,31715.4921875,446.35714285714283,0.0,0.8104956150054932,0.9063153669759056
9.0,45755.4296875,755.125,0.0,-1.6281496286392212,0.7534136801633595
7.0,50602.12109375,736.4117647058823,0.0,-0.9250644445419312,0.797496726232297
0.0,50261.375,714.475,0.0,-2.8321738243103027,0.6779220394825354
2.0,58219.21484375,572.5,0.0,-0.9378992319107056,0.7966919922745062
9.0,42499.2734375,771.5263157894736,0.0,-3.047978401184082,0.6643912137456387
1.0,39716.6953125,1000.3333333333334,0.0,-2.4473960399627686,0.7020473904035255
2.0,31915.07421875,546.4516129032259,0.0,-0.44373515248298645,0.827675802446805
9.0,45069.2265625,888.8,0.0,-1.883606195449829,0.7373966969328235
3.0,38057.140625,483.5,0.0,0.44394317269325256,0.8833327347620314
5.0,39796.109375,559.5,0.0,0.7904404401779175,0.9050579187806636
3.0,34711.81640625,764.7777777777778,0.0,-2.7128663063049316,0.6854025538377826
1.0,42702.8125,681.75,0.0,-0.5638165473937988,0.8201467664443295
4.0,38070.01953125,722.3783783783783,0.0,-2.587055206298828,0.6932908391309417
1.0,34219.9765625,890.7222222222222,0.0,-1.8368935585021973,0.7403255530275624
4.0,45961.71875,573.4,0.0,0.002484135329723358,0.855653501118911
5.0,48111.43359375,558.6,0.0,-0.5047037601470947,0.8238531049967561
5.0,41053.953125,575.5555555555555,0.0,0.03855881094932556,0.8579153630144972
3.0,45069.1875,651.0,0.0,-1.4486935138702393,0.764665477745854
9.0,45077.9765625,513.5,0.0,0.5941839218139648,0.8927527453307701
0.0,49461.453125,694.8181818181819,0.0,-1.8763251304626465,0.7378532156172173
7.0,35985.80859375,624.5714285714286,0.0,-0.2777542173862457,0.8380827138338361
0.0,68425.953125,1080.547619047619,0.0,-5.730546474456787,0.4961957025445696
1.0,56736.61328125,489.0,0.0,0.6719691753387451,0.897629837029153
3.0,63733.859375,744.1818181818181,0.0,-1.000053882598877,0.792794930593135
4.0,48780.88671875,576.0,0.0,-0.5343048572540283,0.8219971328372354
6.0,45374.7109375,629.5714285714286,0.0,-1.1556966304779053,0.7830362177369445
5.0,47979.140625,647.8666666666667,0.0,-0.9887111186981201,0.7935061155176589
5.0,39343.3203125,513.8947368421053,0.0,0.17340148985385895,0.8663699232308948
1.0,44618.125,694.6111111111111,0.0,-0.5731358528137207,0.8195624512298304
3.0,43117.97265625,598.0,0.0,-0.10885031521320343,0.8486728936145086
8.0,53662.15234375,717.5,0.0,-2.348418951034546,0.7082531982767126
4.0,43745.73046875,602.0,0.0,-1.5611613988876343,0.7576138045366348
3.0,51677.84375,593.0,0.0,-0.846156120300293,0.8024442338337165
1.0,37482.8671875,642.1,0.0,-0.8071460723876953,0.804890141923062
4.0,36644.79296875,698.5151515151515,0.0,-1.9046956300735474,0.736074401229382
1.0,41906.26171875,668.8947368421053,0.0,-0.2867686450481415,0.8375175142834933
0.0,48010.5078125,606.7954545454545,0.0,-2.558990955352783,0.6950504518995327
4.0,36132.9375,753.9285714285714,0.0,-1.718033790588379,0.747777993703603
1.0,38725.15625,711.7777777777778,0.0,0.06363978981971741,0.8594879262998651
1.0,43107.40625,763.35,0.0,-0.38390395045280457,0.83142718520257
2.0,52783.6953125,871.4,0.0,-3.2728519439697266,0.6502917689407642
3.0,55967.23046875,746.9428571428572,0.0,-2.3852698802948,0.7059426657139355
8.0,51152.70703125,710.5714285714286,0.0,-0.8574706315994263,0.8017348203314428
0.0,34577.96484375,743.0,0.0,-2.4770045280456543,0.7001909548339647
9.0,34813.421875,541.875,0.0,0.6932541131973267,0.8989643906755921
8.0,34438.0625,479.0,0.0,0.8138008117675781,0.9065226009561196
1.0,44043.5625,964.0,0.0,-1.3567639589309692,0.770429409197045
6.0,54437.1015625,852.5,0.0,-2.4656476974487305,0.700903021732436
1.0,40774.78125,410.5263157894737,0.0,1.4884246587753296,0.9488211371783412
6.0,61426.90234375,533.7058823529412,0.0,0.09891052544116974,0.8616993816091988
1.0,36206.2265625,496.0,0.0,0.8637875318527222,0.9096567402242904
8.0,55046.69921875,753.0,0.0,-3.3319203853607178,0.6465882108485785
3.0,50399.30859375,970.2352941176471,0.0,-3.9079744815826416,0.6104699426268473
2.0,43890.75,696.4473684210526,0.0,-1.879009485244751,0.7376849080803762
0.0,58361.6953125,1071.560975609756,0.0,-6.222084045410156,0.4653765729781121
6.0,47737.46484375,614.0,0.0,-0.16987115144729614,0.8448469214624623
2.0,28887.1640625,616.0,0.0,-0.9453766345977783,0.7962231633266263
5.0,27361.14453125,545.0,0.0,0.282048761844635,0.8731820461496606
9.0,32530.52734375,578.5,0.0,-0.17156951129436493,0.844740435254143
3.0,50169.4296875,662.1,0.0,-1.6402041912078857,0.7526578658622267
9.0,46211.9296875,527.0,0.0,0.14204415678977966,0.8644038360634663
1.0,39076.16796875,764.0526315789474,0.0,-0.8437906503677368,0.8025925474696317
4.0,37951.41015625,715.0,0.0,-1.6008789539337158,0.755123536147478
5.0,47421.59765625,698.0,0.0,-2.064549684524536,0.7260516418169262
1.0,45250.6171875,711.0,0.0,-0.4372501075267792,0.828082411122439
8.0,40981.66015625,484.2857142857143,0.0,0.09085455536842346,0.8611942768112606
0.0,49321.3203125,900.5833333333334,0.0,-5.286208629608154,0.524055435799771
1.0,44424.98828125,719.9473684210526,0.0,-0.3145410120487213,0.8357762024743106
0.0,48549.0859375,732.6,0.0,-2.3860208988189697,0.7058955772743716
5.0,42825.328125,574.0,0.0,-0.9762840270996094,0.7942852871796865
9.0,52603.078125,757.7105263157895,0.0,-4.005928993225098,0.6043282497750219
5.0,49748.45703125,740.0,0.0,-2.079704999923706,0.7251014120552385
2.0,51217.7265625,671.421052631579,0.0,-1.635784387588501,0.7529349850662377
5.0,37612.63671875,588.4848484848485,0.0,-0.45553112030029297,0.8269362018913109
5.0,50329.68359375,494.8809523809524,0.0,-0.6471507549285889,0.8149217584467692
0.0,40690.6328125,813.0,0.0,-4.1046576499938965,0.5981380184586683
4.0,55346.1953125,567.0,0.0,0.7022016048431396,0.8995253933753292
9.0,59169.984375,641.0,0.0,-0.6422984600067139,0.8152259946124846
7.0,45589.03125,719.1666666666666,0.0,-3.2130298614501953,0.6540425799083345
2.0,51187.1796875,728.3658536585366,0.0,-2.6573922634124756,0.6888807451633445
9.0,63216.453125,667.0,0.0,-2.7937870025634766,0.6803288716413983
1.0,52601.25390625,672.0,0.0,-1.693946361541748,0.74928826197317
8.0,43796.90234375,640.6136363636364,0.0,-1.4805052280426025,0.7626709011381948
6.0,41567.6796875,616.5,0.0,-0.2598552107810974,0.8392049714928081
9.0,54281.2265625,616.0,0.0,0.09681329131126404,0.8615678862074223
8.0,48720.7265625,637.6666666666666,0.0,-0.6529325246810913,0.8145592447313268
4.0,47464.87890625,782.5833333333334,0.0,-3.3386926651000977,0.6461635927134003
2.0,52026.81640625,1038.0625,0.0,-4.674403667449951,0.5624152632318515
6.0,43734.03125,714.0526315789474,0.0,-3.209409713745117,0.6542695611357433
9.0,53969.8125,819.2702702702703,0.0,-3.0220022201538086,0.6660199057035312
3.0,44902.44921875,702.2,0.0,-1.979618787765503,0.7313767613318704
6.0,52331.203125,945.5,0.0,-5.096125602722168,0.535973534802094
2.0,51403.05078125,543.0,0.0,0.7849792242050171,0.9047155036071239
7.0,54354.0546875,987.0,0.0,-5.1114583015441895,0.5350121831994427
1.0,35952.33984375,853.3333333333334,0.0,-0.641939640045166,0.8152484924224984
9.0,47537.7421875,843.4705882352941,0.0,-3.211603879928589,0.6541319881486619
2.0,45974.26953125,798.5,0.0,-3.227785587310791,0.653117404186237
5.0,33695.203125,430.75757575757575,0.0,1.0041778087615967,0.9184591317190719
4.0,48755.33984375,775.0277777777778,0.0,-2.3347973823547363,0.7091072629807131
6.0,49470.85546875,676.5555555555555,0.0,-1.5075331926345825,0.7609762629418465
8.0,51870.984375,917.2,0.0,-3.123732805252075,0.6596414551673209
0.0,48141.96875,946.8484848484849,0.0,-3.082794666290283,0.6622082534823022
1.0,41529.84765625,598.0526315789474,0.0,0.5432882308959961,0.889561614102016
8.0,39628.578125,445.0,0.0,0.7033737897872925,0.8995988887128263
9.0,65744.4921875,640.1875,0.0,-1.5124443769454956,0.7606683344445209
4.0,36504.3671875,563.3571428571429,0.0,0.8298627138137817,0.9075296731912808
0.0,46553.44921875,577.0238095238095,0.0,-0.8698151111602783,0.8009608283977673
2.0,57837.5859375,640.0,0.0,-1.5278316736221313,0.7597035595870568
1.0,34365.1015625,717.0,0.0,0.5814657211303711,0.891955321292645
1.0,45316.4921875,717.0,0.0,-0.13377800583839417,0.8471099414160017
3.0,40605.0625,603.0,0.0,-1.2999284267425537,0.7739929651366163
0.0,57998.39453125,611.0,0.0,-0.6034812927246094,0.8176598091946532
9.0,51046.78125,626.7142857142857,0.0,-1.1881351470947266,0.7810023409681384
0.0,50835.796875,965.6285714285714,0.0,-4.421993732452393,0.5782412243592235
4.0,32118.01171875,481.0,0.0,0.13848739862442017,0.8641808293245874
3.0,43718.62890625,720.0,0.0,0.2506222724914551,0.8712116229217555
8.0,43827.32421875,657.0,0.0,-0.3588877022266388,0.8329956899129088
0.0,54586.3125,713.0,0.0,-2.0960021018981934,0.7240795929167028
1.0,41384.78515625,596.95,0.0,0.47422754764556885,0.8852315480586109
6.0,28761.455078125,526.8333333333334,0.0,0.006405949592590332,0.8558993966700251
3.0,46778.72265625,774.7073170731708,0.0,-3.2000656127929688,0.6548554310161835
6.0,44963.44140625,712.421052631579,0.0,-1.267526388168335,0.7760245547526436
4.0,45183.66796875,550.2571428571429,0.0,-1.040829062461853,0.7902383497221035
6.0,34890.0234375,599.4347826086956,0.0,-2.8572330474853516,0.6763508402670437
9.0,46192.9453125,694.6666666666666,0.0,-2.0860276222229004,0.7247049871889547
1.0,43645.484375,656.2222222222222,0.0,0.7578665018081665,0.9030155511440249
9.0,49836.828125,729.6666666666666,0.0,0.5216612815856934,0.8882056165296867
7.0,46506.22265625,501.94444444444446,0.0,0.3489225208759308,0.8773749932730801
8.0,31020.994140625,530.7941176470588,0.0,1.2554633617401123,0.9342145947254968
0.0,41942.0859375,519.0454545454545,0.0,-0.5468993186950684,0.8212074671801051
4.0,44175.25,419.0769230769231,0.0,0.5397859811782837,0.8893420250121832
1.0,36920.05859375,733.0,0.0,-0.3647518455982208,0.8326280114178254
1.0,43669.0625,648.0,0.0,0.6710137128829956,0.89756993006993
7.0,48898.21875,609.0,0.0,-0.07764866948127747,0.8506292192736721
9.0,36492.73046875,529.8,0.0,-0.7568744421005249,0.8080421449008452
0.0,40366.73828125,558.0,0.0,-1.3944660425186157,0.7680655097360954
0.0,48117.16796875,524.6666666666666,0.0,-0.30199673771858215,0.8365627214277813
9.0,47708.7890625,659.6363636363636,0.0,-1.1873257160186768,0.7810530918418904
6.0,51501.09375,681.7777777777778,0.0,-1.5114827156066895,0.7607286300702291
1.0,41567.91015625,945.9444444444445,0.0,-1.133149266242981,0.7844499248079838
9.0,52702.6796875,836.0,0.0,-3.1506080627441406,0.6579563916203506
3.0,56012.4921875,686.5121951219512,0.0,-2.0184741020202637,0.7289405549559461
0.0,48055.6875,701.8461538461538,0.0,-3.9894113540649414,0.6053638964712073
8.0,47462.296875,496.0,0.0,-0.6330831050872803,0.8158037921889996
3.0,56421.0625,528.6046511627907,0.0,0.02645289897918701,0.8571563291347387
2.0,56822.90234375,761.421052631579,0.0,-0.7657390832901001,0.807486336878171
2.0,46100.90625,756.4444444444445,0.0,-0.48661091923713684,0.824987515957749
1.0,49750.234375,651.2631578947369,0.0,0.3479929268360138,0.8773167082489977
2.0,43454.73046875,810.825,0.0,-3.706754684448242,0.623086310867414
9.0,47220.0078125,772.6875,0.0,-2.835869789123535,0.6776903045650373
8.0,46104.86328125,545.15,0.0,0.7464847564697266,0.9023019221052568
9.0,40610.2109375,580.6,0.0,-0.22844935953617096,0.8411741007229196
1.0,52653.140625,669.6666666666666,0.0,0.47977498173713684,0.885579369059756
9.0,44464.44140625,781.6571428571428,0.0,-1.4738267660140991,0.7630896369556053
7.0,45670.98046875,738.0,0.0,-1.0102629661560059,0.792154826789286
7.0,49586.3828125,832.8333333333334,0.0,-2.8000903129577637,0.6799336576207033
1.0,37592.0,599.1666666666666,0.0,0.8904402256011963,0.9113278491495679
0.0,47011.8046875,829.0,0.0,-3.139646053314209,0.6586437034534512
7.0,55070.578125,802.3030303030303,0.0,-2.2883973121643066,0.712016521315367
8.0,43046.6640625,1062.5,0.0,-3.8552780151367188,0.6137739814695778
4.0,48274.765625,835.7692307692307,0.0,-2.226306200027466,0.715909599165264
1.0,38640.33984375,790.6315789473684,0.0,-0.5717759132385254,0.8196477186772184
8.0,58317.55078125,829.0,0.0,-3.4816999435424805,0.6371971166926276
3.0,26026.263671875,393.0,0.0,1.0801544189453125,0.9232228224960162
0.0,50453.640625,586.4878048780488,0.0,-0.22503478825092316,0.8413881924242923
8.0,48994.69921875,509.51063829787233,0.0,-0.28768303990364075,0.8374601822397355
6.0,40006.328125,719.7857142857143,0.0,-1.043378233909607,0.7900785181043839
1.0,39825.42578125,632.9444444444445,0.0,0.09994694590568542,0.8617643645900914
9.0,45295.33203125,541.0,0.0,-0.0011786818504333496,0.8554238445393854
7.0,52303.41015625,847.0,0.0,-3.405242443084717,0.6419909590196038
8.0,35265.125,616.6363636363636,0.0,-0.4676734507083893,0.8261748845959513
4.0,42893.00390625,615.0,0.0,-1.4272050857543945,0.7660127901171082
6.0,46838.3984375,708.578947368421,0.0,-1.5624878406524658,0.7575306373831384
3.0,42951.21484375,632.5333333333333,0.0,-1.247206211090088,0.7772986184401319
9.0,51275.640625,945.4285714285714,0.0,-4.9503350257873535,0.5451145220747615
7.0,40451.1640625,566.1111111111111,0.0,0.9379440546035767,0.9143063125416695
4.0,44912.09375,635.65625,0.0,-0.5603275299072266,0.8203655258807033
3.0,40722.6953125,711.5135135135135,0.0,-2.0040335655212402,0.7298459684821378
4.0,42791.25,454.3333333333333,0.0,0.26090461015701294,0.8718563197170508
1.0,39514.23828125,602.7368421052631,0.0,-0.12621605396270752,0.8475840715505102
6.0,41686.7734375,604.2592592592592,0.0,-0.054615192115306854,0.8520734053649429
7.0,35016.37109375,499.93333333333334,0.0,0.7569900751113892,0.9029605996824894
5.0,41559.8125,1022.2285714285714,0.0,-5.419442653656006,0.5157017373391892
2.0,52586.9453125,1227.75,0.0,-7.013546466827393,0.4157523237771207
1.0,44679.62109375,928.4444444444445,0.0,-1.366821050643921,0.769798835196441
4.0,56279.91796875,669.4186046511628,0.0,-3.1699423789978027,0.6567441408527342
6.0,37955.67578125,430.0,0.0,0.7075802087783813,0.8998626288205168
4.0,43221.296875,544.9142857142857,0.0,-0.0037433207035064697,0.8552630431240414
8.0,52276.28125,609.3636363636364,0.0,-1.039389729499817,0.7903285950902453
7.0,42377.10546875,739.0714285714286,0.0,-1.0020540952682495,0.7926695183824299
2.0,51587.72265625,745.0,0.0,-1.7746527194976807,0.7442280186679503
3.0,42691.1328125,550.0,0.0,0.5829150676727295,0.8920461945066477
1.0,38766.89453125,803.0526315789474,0.0,-1.2286114692687988,0.778464498306311
0.0,50773.01171875,647.0,0.0,-1.8915610313415527,0.7368979331912209
4.0,44431.359375,486.0,0.0,0.582189679145813,0.8920007130535134
2.0,30067.76171875,723.5,0.0,-1.6396067142486572,0.7526953273319241
8.0,51806.1953125,687.0,0.0,-1.2227624654769897,0.7788312275582476
7.0,41380.2734375,938.24,0.0,-1.8132505416870117,0.7418079568998766
9.0,49344.5234375,662.0,0.0,-1.177812099456787,0.7816495902558322
9.0,43605.59765625,489.5945945945946,0.0,0.3193420469760895,0.8755203141770586
9.0,42810.1484375,619.2272727272727,0.0,-2.2971267700195312,0.7114691892118142
2.0,47131.2265625,627.1315789473684,0.0,-1.4646327495574951,0.7636660966224882
2.0,38227.55078125,659.8055555555555,0.0,-0.6343518495559692,0.8157242426235586
7.0,54684.0,1079.7241379310344,0.0,-3.9704513549804688,0.6065526777625966
6.0,49813.97265625,761.375,0.0,-3.185710906982422,0.655755463006425
1.0,42295.41015625,620.0,0.0,0.8334445953369141,0.9077542551505784
1.0,36306.4609375,541.6842105263158,0.0,-1.0804312229156494,0.7877553165090574
0.0,46620.86328125,868.475,0.0,-3.7051820755004883,0.6231849125649895
9.0,40334.5234375,672.5,0.0,-1.3492431640625,0.7709009588103218
4.0,45407.8984375,556.5,0.0,0.2487112283706665,0.8710918015289542
4.0,41268.734375,538.3142857142857,0.0,-0.42783549427986145,0.8286727020841493
6.0,45883.5859375,618.7368421052631,0.0,-0.8935396671295166,0.7994733120663006
1.0,37763.8828125,750.8,0.0,-0.2627868056297302,0.8390211621426884
9.0,40490.55078125,512.4324324324324,0.0,-0.26236236095428467,0.8390477745853975
7.0,49613.9765625,819.6666666666666,0.0,-3.9430770874023438,0.6082690289616326
1.0,28607.283203125,555.0,0.0,-0.06227460503578186,0.8515931644776771
3.0,41354.46875,651.7631578947369,0.0,-1.7958121299743652,0.7429013355178383
2.0,47663.85546875,856.0,0.0,-3.2893214225769043,0.6492591418841953
2.0,59396.05859375,724.6341463414634,0.0,-2.43955135345459,0.7025392478406587
6.0,44606.3984375,482.0,0.0,0.8907119035720825,0.9113448832057212
1.0,42142.7265625,739.1578947368421,0.0,-0.7053028345108032,0.8112756557252068
3.0,42340.6953125,474.65909090909093,0.0,0.676803469657898,0.89793294456719
9.0,43814.19921875,411.0,0.0,0.6953752040863037,0.8990973818827602
7.0,40614.76953125,488.25,0.0,0.6783329248428345,0.8980288405480795
5.0,41833.53125,912.1,0.0,-3.3583297729492188,0.6449323570828488
2.0,45611.28125,508.975,0.0,-0.08258046209812164,0.8503199986471417
0.0,34428.66015625,568.85,0.0,0.37025922536849976,0.8787127926583891
8.0,59230.359375,548.4705882352941,0.0,-0.8636054992675781,0.80135016757505
1.0,46227.16015625,588.7894736842105,0.0,0.6784197092056274,0.8980342818788736
7.0,44894.9921875,701.0,0.0,-1.1649987697601318,0.7824529788296355
3.0,50459.5078125,583.625,0.0,-0.48593199253082275,0.8250300842808325
5.0,42777.5,721.4146341463414,0.0,-3.0883233547210693,0.6618616078235574
9.0,44826.6015625,528.0,0.0,0.10087306797504425,0.8618224319235702
7.0,37253.6484375,417.25,0.0,1.0420717000961304,0.9208350574179989
5.0,43733.03125,846.7428571428571,0.0,-2.8622372150421143,0.6760370817724387
5.0,54331.90625,647.0,0.0,-0.40714558959007263,0.8299699474851784
2.0,41724.22265625,953.0,0.0,-3.7122321128845215,0.6227428791815282
5.0,44520.2890625,627.6222222222223,0.0,-1.7701518535614014,0.744510220433692
3.0,54379.7265625,710.2222222222222,0.0,-0.5932489633560181,0.8183013704978219
9.0,42144.296875,543.1621621621622,0.0,0.3038446605205536,0.8745486367523029
3.0,39656.15234375,683.8461538461538,0.0,-1.1296238899230957,0.7846709639227809
6.0,52084.01953125,838.25,0.0,-2.706474781036377,0.6858032988815375
3.0,50087.97265625,554.5,0.0,0.30872270464897156,0.8748544873788033
8.0,35135.56640625,669.5238095238095,0.0,-1.1492210626602173,0.7834422322013173
6.0,47848.2421875,691.6382978723404,0.0,-2.39119291305542,0.7055712948872419
9.0,50824.06640625,731.8974358974359,0.0,-1.949754238128662,0.7332492518170158
4.0,51545.390625,743.9722222222222,0.0,-2.3296594619750977,0.7094294077021739
2.0,47145.80859375,870.5,0.0,-3.62976336479187,0.6279136233582578
6.0,36382.72265625,649.4117647058823,0.0,-0.7223973274230957,0.8102038406228231
1.0,44011.36328125,679.375,0.0,0.731569766998291,0.9013667606442296
3.0,46806.7734375,552.0833333333334,0.0,-1.1515740156173706,0.7832947033727282
3.0,45147.25390625,410.52,0.0,0.9084789752960205,0.9124588686217587
1.0,38255.625,800.85,0.0,-0.7955321073532104,0.8056183310063173
0.0,56248.1484375,822.7142857142857,0.0,-4.024922847747803,0.6031373457666745
1.0,41249.0,523.5,0.0,1.0003745555877686,0.9182206698816361
5.0,51508.6328125,907.9333333333333,0.0,-3.595639944076538,0.6300531426675078
5.0,47458.56640625,790.0,0.0,-2.784923791885376,0.6808845899718068
3.0,39296.00390625,624.1282051282051,0.0,-1.730907917022705,0.7469707932085017
1.0,45842.94140625,580.3157894736842,0.0,0.7947072982788086,0.9053254483865856
2.0,34209.62890625,678.0769230769231,0.0,-0.2104724794626236,0.8423012410046131
3.0,51932.83203125,617.0,0.0,-0.0445648729801178,0.8527035547287257
6.0,40053.9453125,955.1666666666666,0.0,-1.2179735898971558,0.7791314873668443
7.0,55921.140625,593.4117647058823,0.0,-0.1972663551568985,0.8431292575797439
1.0,38080.6015625,1081.764705882353,0.0,-2.017564058303833,0.7289976141857287
1.0,38672.7578125,624.1578947368421,0.0,0.8799160718917847,0.9106679906241685
4.0,49794.61328125,949.28125,0.0,-4.3925862312316895,0.5800850581654344
9.0,43571.46875,623.4,0.0,-1.167950987815857,0.7822678764160167
9.0,50316.7421875,929.7241379310345,0.0,-2.958329677581787,0.6700121383533097
9.0,54739.640625,478.875,0.0,0.49312523007392883,0.8864164221306696
9.0,61038.015625,548.0909090909091,0.0,-0.13933271169662476,0.846761664479172
0.0,42663.16015625,749.5106382978723,0.0,-4.1016621589660645,0.5983258340633287
2.0,35730.4296875,505.58620689655174,0.0,0.7573609352111816,0.9029838524024073
1.0,22008.64453125,483.6111111111111,0.0,1.3403172492980957,0.9395348858067969
1.0,45068.078125,958.0,0.0,-2.368560791015625,0.706990316225032
9.0,38354.1171875,559.0294117647059,0.0,-0.2438308149576187,0.8402096921088744
6.0,34862.0,509.8666666666667,0.0,0.7708736658096313,0.9038310930198489
1.0,36610.09765625,601.0,0.0,1.0731914043426514,0.9227862453920599
3.0,51859.2421875,544.5,0.0,-0.7506217956542969,0.8084341823204585
0.0,41220.1328125,615.3,0.0,-0.9253418445587158,0.7974793334070803
2.0,43169.82421875,607.0,0.0,0.7397829294204712,0.9018817213141711
0.0,40746.671875,724.8,0.0,-2.6300735473632812,0.6905936133127241
1.0,31762.11328125,878.0555555555555,0.0,-1.3274000883102417,0.7722705073891478
3.0,61368.5625,892.1764705882352,0.0,-3.740760326385498,0.6209541762213844
3.0,49849.62109375,554.2558139534884,0.0,-1.0890318155288696,0.7872160641837854
2.0,50666.44921875,775.0,0.0,-1.4866752624511719,0.7622840434469336
1.0,54915.36328125,736.1578947368421,0.0,-0.041998058557510376,0.8528644925510573
2.0,48094.6796875,834.0588235294117,0.0,-2.7194173336029053,0.6849918081063869
4.0,39376.80078125,585.25,0.0,-0.4737473428249359,0.8257940549723898
7.0,46706.15234375,786.0,0.0,-2.9495725631713867,0.6705612045073354
7.0,36306.953125,867.09375,0.0,-2.731688976287842,0.6842223830039136
7.0,47966.40625,793.0,0.0,-3.231553554534912,0.6528811547580252
4.0,37296.5625,616.0333333333333,0.0,-0.13034772872924805,0.8473250178637096
1.0,38959.1796875,936.2352941176471,0.0,-1.513007402420044,0.7606330330635589
1.0,52799.23828125,959.0,0.0,-3.332411050796509,0.6465574464013968
4.0,42727.99609375,419.54285714285714,0.0,0.706784725189209,0.8998127524463565
5.0,51592.3125,439.0,0.0,0.9370529651641846,0.9142504417344093
1.0,49249.171875,778.2222222222222,0.0,-0.8387688398361206,0.8029074121688486
5.0,36477.99609375,790.8,0.0,-1.7100350856781006,0.7482795080080245
3.0,50617.20703125,1272.64,0.0,-5.3915629386901855,0.5174497798054873
6.0,51129.3203125,592.5813953488372,0.0,-0.48606011271476746,0.8250220512172736
4.0,41065.359375,623.5,0.0,-1.5057992935180664,0.7610849774423951
5.0,47969.421875,763.939393939394,0.0,-1.8420312404632568,0.7400034232548127
3.0,49522.53125,692.0,0.0,-2.620488166809082,0.6911946112886685
1.0,19469.169921875,494.42857142857144,0.0,0.844914436340332,0.9084734077380507
2.0,49436.4375,566.421052631579,0.0,0.44893765449523926,0.8836458859652532
2.0,51168.8203125,742.939393939394,0.0,-1.2766269445419312,0.775453954980462
1.0,36943.30859375,799.1052631578947,0.0,-1.2947666645050049,0.7743166047291742
1.0,36663.23046875,578.3888888888889,0.0,0.7643489837646484,0.9034219991210158
3.0,51574.046875,774.75,0.0,-2.0730743408203125,0.7255171506560989
3.0,48441.6796875,612.35,0.0,0.19473066926002502,0.8677072507975138
1.0,39432.078125,740.0,0.0,0.10655413568019867,0.8621786316772154
7.0,41421.3125,698.0,0.0,-0.9882420301437378,0.7935355271064976
3.0,30962.123046875,564.75,0.0,0.9902993440628052,0.9175889597789982
8.0,47114.140625,866.5277777777778,0.0,-3.2136998176574707,0.6540005740305014
3.0,54377.51953125,709.3469387755102,0.0,-3.608067035675049,0.6292739710054802
2.0,44416.91015625,586.0,0.0,-0.8947446346282959,0.7993977612810448
7.0,42051.47265625,661.6129032258065,0.0,-1.2561291456222534,0.7767391554576248
3.0,50085.203125,428.0416666666667,0.0,-0.024348892271518707,0.8539710853623717
1.0,36042.71875,718.1666666666666,0.0,0.36351239681243896,0.8782897702981072
1.0,39143.4375,654.3157894736842,0.0,0.1885409951210022,0.8673191617061861
2.0,51436.87890625,639.421052631579,0.0,-0.462897926568985,0.8264743072767335
3.0,49151.484375,709.0,0.0,-2.438136100769043,0.7026279833889923
5.0,51126.30078125,656.5714285714286,0.0,-0.9108644723892212,0.7983870565091172
9.0,44452.1640625,568.0967741935484,0.0,-0.07533939182758331,0.8507740096852698
5.0,52687.94140625,674.0,0.0,-1.5940754413604736,0.7555501125637937
9.0,41286.76953125,630.6666666666666,0.0,-1.3676528930664062,0.7697466791438574
0.0,41108.40234375,488.3333333333333,0.0,0.19871868193149567,0.8679572969516589
1.0,35351.19140625,567.5263157894736,0.0,0.9707682132720947,0.916364368850474
7.0,46911.55078125,725.3666666666667,0.0,-1.6052370071411133,0.7548502886596089
0.0,45412.91796875,823.3333333333334,0.0,-3.9114179611206055,0.6102540383942693
4.0,48733.15234375,632.0681818181819,0.0,-1.4066907167434692,0.7672990295296837
3.0,38066.625,461.1,0.0,0.10283920168876648,0.8619457074029007
7.0,59974.02734375,698.3333333333334,0.0,-2.8840384483337402,0.6746701566923884
2.0,47883.14453125,514.25,0.0,0.8318189382553101,0.9076523273648114
7.0,43008.0234375,723.2727272727273,0.0,-1.7494518756866455,0.7458080974177597
0.0,31185.57421875,638.4,0.0,-2.7096996307373047,0.6856011026169213
8.0,38295.453125,638.4893617021277,0.0,-1.0702834129333496,0.7883915784941864
9.0,31777.5625,764.1176470588235,0.0,-2.104386568069458,0.7235538915979275
6.0,58193.0546875,820.2857142857143,0.0,-2.6781630516052246,0.687578428412118
7.0,45775.13671875,703.96875,0.0,-1.4631481170654297,0.7637591822457149
7.0,35281.55078125,721.5,0.0,-3.554683208465576,0.632621106981945
7.0,39833.9609375,716.1428571428571,0.0,-1.4919288158416748,0.7619546486006512
7.0,45270.30078125,580.5,0.0,-0.11977140605449677,0.8479881473539287
5.0,44272.96484375,623.5,0.0,-0.3948400616645813,0.8307414971731988
4.0,45055.65234375,599.8461538461538,0.0,-0.20079921185970306,0.84290774944914
7.0,45717.140625,679.7,0.0,-0.38816240429878235,0.8311601825387097
1.0,36930.8671875,997.0,0.0,-2.8891069889068604,0.6743523620458208
7.0,45355.64453125,599.6176470588235,0.0,-0.11399659514427185,0.8483502247538695
8.0,54894.16796875,564.0666666666667,0.0,-0.808117151260376,0.8048292558232704
1.0,53579.79296875,700.4,0.0,-0.4547866880893707,0.8269828773727341
2.0,45750.7265625,549.0,0.0,-0.6462688446044922,0.814977053728657
1.0,33908.5625,786.1666666666666,0.0,-0.45150938630104065,0.8271883623537643
1.0,58888.94921875,560.3333333333334,0.0,0.9471759796142578,0.9148851490535971
4.0,38669.8515625,703.6296296296297,0.0,-0.6611088514328003,0.8140465936372306
2.0,58827.90625,773.8571428571429,0.0,-1.7183544635772705,0.7477578876873447
2.0,44621.26171875,735.0,0.0,-1.4544928073883057,0.7643018653001552
2.0,36742.37890625,821.6,0.0,-4.285233974456787,0.5868159843576688
3.0,46186.35546875,598.1428571428571,0.0,-0.7465106248855591,0.8086919504181155
3.0,49099.33984375,708.5945945945946,0.0,-1.4287326335906982,0.7659170137259064
1.0,35641.046875,660.1290322580645,0.0,-0.9586858749389648,0.795388681434
2.0,53827.296875,737.5,0.0,-2.165823459625244,0.7197018330109395
3.0,42944.5,724.560975609756,0.0,-2.9918103218078613,0.6679129207688421
3.0,34541.484375,557.75,0.0,-0.04541420936584473,0.8526503018144745
5.0,60779.640625,637.2222222222222,0.0,-0.48099640011787415,0.825339543152444
8.0,61050.03515625,563.8157894736842,0.0,-0.5135600566864014,0.823297820178966
4.0,46146.08203125,872.0,0.0,-4.556329250335693,0.5698184628539481
4.0,57446.578125,585.225,0.0,-1.8571112155914307,0.7390579172857924
1.0,33217.37109375,669.0526315789474,0.0,-0.2655927538871765,0.8388452307632512
6.0,41629.85546875,592.0,0.0,0.8609946966171265,0.9094816310239568
1.0,38966.85546875,670.8333333333334,0.0,0.8063228130340576,0.9060537346364623
6.0,39404.1015625,664.5588235294117,0.0,-1.8331656455993652,0.7405592910723309
9.0,58710.984375,691.8333333333334,0.0,-0.7257734537124634,0.8099921594010948
6.0,39443.65234375,519.0,0.0,-0.2802872061729431,0.8379238968598738
2.0,47430.734375,701.5128205128206,0.0,-2.7903993129730225,0.6805412778756088
6.0,42531.265625,734.5,0.0,-1.2093154191970825,0.7796743498058163
5.0,44255.29296875,707.780487804878,0.0,-2.9144911766052246,0.6727607877372734
3.0,59017.1953125,675.9069767441861,0.0,-1.659678339958191,0.7514368476756249
1.0,47210.5703125,844.0555555555555,0.0,-0.8240687847137451,0.8038290973669341
1.0,41906.6328125,715.1666666666666,0.0,0.3539038300514221,0.8776873185600206
7.0,41613.6484375,567.0714285714286,0.0,-1.1308059692382812,0.7845968482137785
1.0,42528.875,966.5294117647059,0.0,-1.6937006711959839,0.7493036666198274
1.0,41703.84375,619.3333333333334,0.0,0.7359931468963623,0.9016441040789053
9.0,38804.1953125,527.0,0.0,0.6901600360870361,0.8987703937789444
0.0,54684.6796875,681.8541666666666,0.0,-3.6271657943725586,0.6280764895643048
8.0,52899.37109375,640.0,0.0,-1.0039329528808594,0.7925517150656098
8.0,34028.68359375,661.1836734693877,0.0,-3.1951823234558105,0.6551616105143253
5.0,62654.10546875,572.25,0.0,-0.8339968919754028,0.8032066106189664
7.0,45396.9609375,645.8181818181819,0.0,-1.0513324737548828,0.7895797917345587
8.0,61755.796875,634.75,0.0,-1.9434140920639038,0.733646775413556
